address,name,size,is_thunk
0x20000000,gte_ldv0,1,False
0x20000004,gte_ldv1,1,False
0x20000008,gte_ldv2,1,False
0x2000000c,gte_ldv3,1,False
0x20000010,gte_ldv3c,1,False
0x20000014,gte_ldv3c_vertc,1,False
0x20000018,gte_ldv01,1,False
0x2000001c,gte_ldv01c,1,False
0x20000020,gte_ldrgb,1,False
0x20000024,gte_ldrgb3,1,False
0x20000028,gte_ldrgb3c,1,False
0x2000002c,gte_ldlv0,1,False
0x20000030,gte_ldlvl,1,False
0x20000034,gte_ldsv,1,False
0x20000038,gte_ldbv,1,False
0x2000003c,gte_ldcv,1,False
0x20000040,gte_ldclmv,1,False
0x20000044,gte_lddp,1,False
0x20000048,gte_ldsxy0,1,False
0x2000004c,gte_ldsxy1,1,False
0x20000050,gte_ldsxy2,1,False
0x20000054,gte_ldsxy3,1,False
0x20000058,gte_ldsxy3c,1,False
0x2000005c,gte_ldsz3,1,False
0x20000060,gte_ldsz4,1,False
0x20000064,gte_ldopv1,1,False
0x20000068,gte_ldopv2,1,False
0x2000006c,gte_ldopv1SV,1,False
0x20000070,gte_ldopv2SV,1,False
0x20000074,gte_ldlzc,1,False
0x20000078,gte_SetRGBcd,1,False
0x2000007c,gte_ldbkdir,1,False
0x20000080,gte_SetBackColor,1,False
0x20000084,gte_ldfcdir,1,False
0x20000088,gte_SetFarColor,1,False
0x2000008c,gte_SetGeomOffset,1,False
0x20000090,gte_SetGeomScreen,1,False
0x20000094,gte_ldsvrtrow0,1,False
0x20000098,gte_SetRotMatrix,1,False
0x2000009c,gte_ldsvllrow0,1,False
0x200000a0,gte_SetLightMatrix,1,False
0x200000a4,gte_ldsvlcrow0,1,False
0x200000a8,gte_SetColorMatrix,1,False
0x200000ac,gte_SetTransMatrix,1,False
0x200000b0,gte_ldtr,1,False
0x200000b4,gte_SetTransVector,1,False
0x200000b8,gte_ld_intpol_uv0,1,False
0x200000bc,gte_ld_intpol_uv1,1,False
0x200000c0,gte_ld_intpol_bv0,1,False
0x200000c4,gte_ld_intpol_bv1,1,False
0x200000c8,gte_ld_intpol_sv0,1,False
0x200000cc,gte_ldfc,1,False
0x200000d0,gte_stsxy,1,False
0x200000d4,gte_stsxy3,1,False
0x200000d8,gte_stsxy3c,1,False
0x200000dc,gte_stsxy2,1,False
0x200000e0,gte_stsxy1,1,False
0x200000e4,gte_stsxy0,1,False
0x200000e8,gte_stsxy01,1,False
0x200000ec,gte_stsxy01c,1,False
0x200000f0,gte_stsxy3_f3,1,False
0x200000f4,gte_stsxy3_g3,1,False
0x200000f8,gte_stsxy3_ft3,1,False
0x200000fc,gte_stsxy3_gt3,1,False
0x20000100,gte_stsxy3_f4,1,False
0x20000104,gte_stsxy3_g4,1,False
0x20000108,gte_stsxy3_ft4,1,False
0x2000010c,gte_stsxy3_gt4,1,False
0x20000110,gte_stdp,1,False
0x20000114,gte_stflg,1,False
0x20000118,gte_stflg_4,1,False
0x2000011c,gte_stsz,1,False
0x20000120,gte_stsz3,1,False
0x20000124,gte_stsz4,1,False
0x20000128,gte_stsz3c,1,False
0x2000012c,gte_stsz4c,1,False
0x20000130,gte_stszotz,1,False
0x20000134,gte_stotz,1,False
0x20000138,gte_stopz,1,False
0x2000013c,gte_stlvl,1,False
0x20000140,gte_stlvnl,1,False
0x20000144,gte_stlvnl0,1,False
0x20000148,gte_stlvnl1,1,False
0x2000014c,gte_stlvnl2,1,False
0x20000150,gte_stsv,1,False
0x20000154,gte_stclmv,1,False
0x20000158,gte_stbv,1,False
0x2000015c,gte_stcv,1,False
0x20000160,gte_strgb,1,False
0x20000164,gte_strgb3,1,False
0x20000168,gte_strgb3_g3,1,False
0x2000016c,gte_strgb3_gt3,1,False
0x20000170,gte_strgb3_g4,1,False
0x20000174,gte_strgb3_gt4,1,False
0x20000178,gte_ReadGeomOffset,1,False
0x2000017c,gte_ReadGeomScreen,1,False
0x20000180,gte_ReadRotMatrix,1,False
0x20000184,gte_sttr,1,False
0x20000188,gte_ReadLightMatrix,1,False
0x2000018c,gte_ReadColorMatrix,1,False
0x20000190,gte_stlzc,1,False
0x20000194,gte_stfc,1,False
0x20000198,gte_subdvl,1,False
0x2000019c,gte_subdvd,1,False
0x200001a0,gte_adddvl,1,False
0x200001a4,gte_adddvd,1,False
0x200001a8,gte_RotTransPers,1,False
0x200001ac,gte_RotTransPers3,1,False
0x200001b0,gte_RotTrans,1,False
0x200001b4,gte_LocalLight,1,False
0x200001b8,gte_LightColor,1,False
0x200001bc,gte_DpqColorLight,1,False
0x200001c0,gte_DpqColor,1,False
0x200001c4,gte_DpqColor3,1,False
0x200001c8,gte_Intpl,1,False
0x200001cc,gte_Square12,1,False
0x200001d0,gte_Square0,1,False
0x200001d4,gte_NormalColor,1,False
0x200001d8,gte_NormalColor3,1,False
0x200001dc,gte_NormalColorDpq,1,False
0x200001e0,gte_NormalColorDpq3,1,False
0x200001e4,gte_NormalColorCol,1,False
0x200001e8,gte_NormalColorCol3,1,False
0x200001ec,gte_ColorDpq,1,False
0x200001f0,gte_ColorCol,1,False
0x200001f4,gte_NormalClip,1,False
0x200001f8,gte_AverageZ3,1,False
0x200001fc,gte_AverageZ4,1,False
0x20000200,gte_OuterProduct12,1,False
0x20000204,gte_OuterProduct0,1,False
0x20000208,gte_OuterProduct12SVL,1,False
0x2000020c,gte_OuterProduct0SVL,1,False
0x20000210,gte_OuterProduct12SV,1,False
0x20000214,gte_OuterProduct0SV,1,False
0x20000218,gte_Lzc,1,False
0x2000021c,gte_RotAverage3,1,False
0x20000220,gte_RotNclip3,1,False
0x20000224,gte_RotAverageNclip3,1,False
0x20000228,gte_RotColorDpq,1,False
0x2000022c,gte_RotColorDpq3,1,False
0x20000230,gte_RotAverageNclipColorDpq3,1,False
0x20000234,gte_RotAverageNclipColorCol3,1,False
0x20000238,gte_LoadAverage12,1,False
0x2000023c,gte_LoadAverage0,1,False
0x20000240,gte_LoadAverageShort12,1,False
0x20000244,gte_LoadAverageShort0,1,False
0x20000248,gte_LoadAverageByte,1,False
0x2000024c,gte_LoadAverageCol,1,False
0x20000250,gte_MulMatrix0,1,False
0x20000254,gte_ApplyMatrix,1,False
0x20000258,gte_ApplyMatrixSV,1,False
0x2000025c,gte_CompMatrix,1,False
0x20000260,gte_ApplyRotMatrix,1,False
0x80010030,FUN_80010030,60,False
0x8001006c,FUN_8001006c,160,False
0x8001010c,FUN_8001010c,96,False
0x8001016c,FUN_8001016c,200,False
0x80010234,FUN_80010234,40,False
0x8001025c,FUN_8001025c,208,False
0x8001032c,FUN_8001032c,184,False
0x800103e4,FUN_800103e4,132,False
0x80012be0,FUN_80012be0,40,False
0x80012c08,FUN_80012c08,472,False
0x80012de0,FUN_80012de0,308,False
0x80012f14,FUN_80012f14,392,False
0x8001309c,FUN_8001309c,192,False
0x8001315c,FUN_8001315c,536,False
0x80013374,FUN_80013374,380,False
0x800134f0,FUN_800134f0,348,False
0x8001364c,FUN_8001364c,396,False
0x800137d8,FUN_800137d8,244,False
0x800138cc,FUN_800138cc,36,False
0x800138f0,FUN_800138f0,268,False
0x800139fc,FUN_800139fc,168,False
0x80013aa4,FUN_80013aa4,124,False
0x80013b20,FUN_80013b20,256,False
0x80013c20,FUN_80013c20,256,False
0x80013d20,FUN_80013d20,144,False
0x80013db0,FUN_80013db0,244,False
0x80013ea4,FUN_80013ea4,176,False
0x80013f54,FUN_80013f54,3280,False
0x80014c24,FUN_80014c24,120,False
0x80014c9c,FUN_80014c9c,244,False
0x80014d90,FUN_80014d90,1108,False
0x800151e4,FUN_800151e4,156,False
0x80015280,FUN_80015280,356,False
0x800153e4,FUN_800153e4,312,False
0x8001551c,FUN_8001551c,868,False
0x80015880,FUN_80015880,168,False
0x80015928,FUN_80015928,48,False
0x80015958,FUN_80015958,20,False
0x8001596c,FUN_8001596c,168,False
0x80015a14,FUN_80015a14,116,False
0x80015a88,FUN_80015a88,236,False
0x80015b74,FUN_80015b74,984,False
0x80015f4c,FUN_80015f4c,304,False
0x8001607c,FUN_8001607c,196,False
0x80016140,FUN_80016140,80,False
0x80016190,FUN_80016190,208,False
0x80016260,FUN_80016260,116,False
0x800162d4,FUN_800162d4,648,False
0x8001655c,FUN_8001655c,344,False
0x800166b4,FUN_800166b4,208,False
0x80016784,FUN_80016784,68,False
0x800167c8,FUN_800167c8,24,False
0x800167e0,FUN_800167e0,72,False
0x80016828,FUN_80016828,184,False
0x800168e0,FUN_800168e0,304,False
0x80016a10,FUN_80016a10,64,False
0x80016a50,FUN_80016a50,348,False
0x80016bac,FUN_80016bac,80,False
0x80016bfc,FUN_80016bfc,316,False
0x80016d38,FUN_80016d38,20,False
0x80016d4c,FUN_80016d4c,24,False
0x80016d64,FUN_80016d64,72,False
0x80016dac,FUN_80016dac,128,False
0x80016e2c,FUN_80016e2c,180,False
0x80016ee0,FUN_80016ee0,48,False
0x80016f10,FUN_80016f10,176,False
0x80016fc0,FUN_80016fc0,176,False
0x80017070,FUN_80017070,228,False
0x80017154,FUN_80017154,640,False
0x800173d4,FUN_800173d4,136,False
0x8001745c,FUN_8001745c,612,False
0x800176c0,FUN_800176c0,200,False
0x80017788,FUN_80017788,584,False
0x800179d0,FUN_800179d0,80,False
0x80017a20,FUN_80017a20,72,False
0x80017a68,FUN_80017a68,112,False
0x80017ad8,FUN_80017ad8,1264,False
0x80017fc8,FUN_80017fc8,100,False
0x8001802c,FUN_8001802c,108,False
0x80018098,FUN_80018098,168,False
0x80018140,FUN_80018140,32,False
0x80018160,FUN_80018160,44,False
0x8001818c,FUN_8001818c,32,False
0x800181ac,FUN_800181ac,92,False
0x80018208,FUN_80018208,92,False
0x80018264,FUN_80018264,136,False
0x800182ec,FUN_800182ec,128,False
0x8001836c,FUN_8001836c,180,False
0x80018420,FUN_80018420,4,False
0x80018424,__builtin_delete,36,False
0x80018448,FUN_80018448,104,False
0x800184b0,FUN_800184b0,332,False
0x800185fc,FUN_800185fc,16,False
0x8001860c,FUN_8001860c,52,False
0x80018640,FUN_80018640,80,False
0x80018690,FUN_80018690,172,False
0x8001873c,FUN_8001873c,76,False
0x80018788,FUN_80018788,72,False
0x800187d0,FUN_800187d0,104,False
0x80018838,FUN_80018838,96,False
0x80018898,FUN_80018898,96,False
0x800188f8,FUN_800188f8,68,False
0x8001893c,FUN_8001893c,1104,False
0x80018d8c,FUN_80018d8c,32,False
0x80018dac,FUN_80018dac,324,False
0x80018ef0,FUN_80018ef0,1052,False
0x8001930c,FUN_8001930c,8,False
0x80019314,FUN_80019314,8,False
0x8001931c,FUN_8001931c,196,False
0x800193e0,FUN_800193e0,192,False
0x800194a0,FUN_800194a0,120,False
0x80019518,FUN_80019518,100,False
0x8001957c,FUN_8001957c,140,False
0x80019608,FUN_80019608,60,False
0x80019644,FUN_80019644,468,False
0x80019818,FUN_80019818,144,False
0x800198a8,FUN_800198a8,340,False
0x800199fc,FUN_800199fc,400,False
0x80019b8c,FUN_80019b8c,112,False
0x80019bfc,FUN_80019bfc,104,False
0x80019c64,FUN_80019c64,72,False
0x80019cac,FUN_80019cac,124,False
0x80019d28,FUN_80019d28,124,False
0x80019da4,FUN_80019da4,244,False
0x80019e98,FUN_80019e98,156,False
0x80019f34,FUN_80019f34,384,False
0x8001a0b4,FUN_8001a0b4,220,False
0x8001a190,FUN_8001a190,36,False
0x8001a1b4,FUN_8001a1b4,152,False
0x8001a24c,FUN_8001a24c,1200,False
0x8001a6fc,FUN_8001a6fc,120,False
0x8001a774,FUN_8001a774,272,False
0x8001a884,FUN_8001a884,48,False
0x8001a8b4,FUN_8001a8b4,48,False
0x8001a8e4,FUN_8001a8e4,12,False
0x8001a8f0,FUN_8001a8f0,80,False
0x8001a940,FUN_8001a940,12,False
0x8001a94c,FUN_8001a94c,72,False
0x8001a994,FUN_8001a994,192,False
0x8001aa54,FUN_8001aa54,260,False
0x8001ab58,FUN_8001ab58,104,False
0x8001abc0,FUN_8001abc0,12,False
0x8001abcc,FUN_8001abcc,368,False
0x8001ad3c,FUN_8001ad3c,120,False
0x8001adb4,FUN_8001adb4,8,False
0x8001adbc,FUN_8001adbc,28,False
0x8001add8,FUN_8001add8,244,False
0x8001aecc,FUN_8001aecc,132,False
0x8001afc4,FUN_8001afc4,152,False
0x8001b05c,FUN_8001b05c,240,False
0x8001b5b0,FUN_8001b5b0,356,False
0x8001b754,FUN_8001b754,68,False
0x8001b798,FUN_8001b798,588,False
0x8001b9e4,FUN_8001b9e4,144,False
0x8001ba74,FUN_8001ba74,280,False
0x8001bb8c,FUN_8001bb8c,352,False
0x8001bcec,FUN_8001bcec,124,False
0x8001bd68,FUN_8001bd68,448,False
0x8001bf28,FUN_8001bf28,236,False
0x8001c014,FUN_8001c014,572,False
0x8001c250,FUN_8001c250,596,False
0x8001c4a4,FUN_8001c4a4,232,False
0x8001c58c,FUN_8001c58c,936,False
0x8001c948,FUN_8001c948,268,False
0x8001ca54,FUN_8001ca54,304,False
0x8001cb84,FUN_8001cb84,128,False
0x8001cc04,FUN_8001cc04,68,False
0x8001cc5c,FUN_8001cc5c,308,False
0x8001cd90,FUN_8001cd90,116,False
0x8001ce04,FUN_8001ce04,36,False
0x8001ce28,FUN_8001ce28,12,False
0x8001ce34,FUN_8001ce34,96,False
0x8001ce94,FUN_8001ce94,72,False
0x8001cedc,FUN_8001cedc,152,False
0x8001cf74,FUN_8001cf74,408,False
0x8001d10c,FUN_8001d10c,196,False
0x8001d1d0,FUN_8001d1d0,156,False
0x8001d26c,FUN_8001d26c,32,False
0x8001d28c,FUN_8001d28c,60,False
0x8001d2c8,FUN_8001d2c8,64,False
0x8001d308,FUN_8001d308,116,False
0x8001d37c,FUN_8001d37c,60,False
0x8001d3b8,FUN_8001d3b8,144,False
0x8001d448,FUN_8001d448,64,False
0x8001d488,FUN_8001d488,60,False
0x8001d4c4,FUN_8001d4c4,92,False
0x8001d520,FUN_8001d520,144,False
0x8001d5b0,FUN_8001d5b0,656,False
0x8001d840,FUN_8001d840,160,False
0x8001d8e0,FUN_8001d8e0,260,False
0x8001d9e4,FUN_8001d9e4,220,False
0x8001dac0,FUN_8001dac0,532,False
0x8001dd94,FUN_8001dd94,68,False
0x8001ddd8,FUN_8001ddd8,48,False
0x8001de08,FUN_8001de08,44,False
0x8001de34,FUN_8001de34,40,False
0x8001de5c,FUN_8001de5c,208,False
0x8001df2c,FUN_8001df2c,56,False
0x8001df64,FUN_8001df64,148,False
0x8001dff8,FUN_8001dff8,148,False
0x8001e08c,FUN_8001e08c,156,False
0x8001e128,FUN_8001e128,24,False
0x8001ee54,FUN_8001ee54,72,False
0x8001ee9c,FUN_8001ee9c,48,False
0x8001eecc,FUN_8001eecc,588,False
0x8001f118,FUN_8001f118,452,False
0x8001f2dc,FUN_8001f2dc,108,False
0x8001f348,FUN_8001f348,100,False
0x8001f3ac,FUN_8001f3ac,16,False
0x8001f3bc,FUN_8001f3bc,8,False
0x8001f3c4,FUN_8001f3c4,184,False
0x8001f47c,FUN_8001f47c,188,False
0x8001f538,FUN_8001f538,40,False
0x8001f560,FUN_8001f560,24,False
0x8001f578,FUN_8001f578,720,False
0x8001f848,FUN_8001f848,140,False
0x8001f8d4,FUN_8001f8d4,60,False
0x8001f910,FUN_8001f910,300,False
0x8001fa3c,FUN_8001fa3c,172,False
0x8001fae8,FUN_8001fae8,188,False
0x8001fba4,FUN_8001fba4,112,False
0x8001fc14,FUN_8001fc14,204,False
0x8001fce0,FUN_8001fce0,168,False
0x8001fd88,FUN_8001fd88,244,False
0x8001fe7c,FUN_8001fe7c,300,False
0x8001ffa8,FUN_8001ffa8,84,False
0x8001fffc,FUN_8001fffc,76,False
0x80020048,FUN_80020048,92,False
0x800200a4,FUN_800200a4,188,False
0x80020254,FUN_80020254,120,False
0x800202cc,FUN_800202cc,88,False
0x80020324,FUN_80020324,388,False
0x800204a8,FUN_800204a8,104,False
0x80020510,FUN_80020510,104,False
0x80020578,FUN_80020578,88,False
0x800205d0,FUN_800205d0,36,False
0x800205f4,FUN_800205f4,100,False
0x80020668,FUN_80020668,256,False
0x80020768,FUN_80020768,84,False
0x800207bc,FUN_800207bc,132,False
0x80020840,FUN_80020840,32,False
0x80020860,FUN_80020860,48,False
0x80020890,FUN_80020890,28,False
0x800208ac,FUN_800208ac,40,False
0x800208d4,FUN_800208d4,40,False
0x800208fc,FUN_800208fc,128,False
0x8002097c,FUN_8002097c,64,False
0x800209bc,FUN_800209bc,64,False
0x800209fc,FUN_800209fc,80,False
0x80020a4c,FUN_80020a4c,96,False
0x80020aac,FUN_80020aac,48,False
0x80020adc,FUN_80020adc,252,False
0x80020bd8,FUN_80020bd8,112,False
0x80020c48,FUN_80020c48,344,False
0x80020da0,FUN_80020da0,16,False
0x80020db0,FUN_80020db0,92,False
0x80020e0c,FUN_80020e0c,116,False
0x80020e80,FUN_80020e80,44,False
0x80020eac,FUN_80020eac,300,False
0x80020fd8,FUN_80020fd8,288,False
0x800210f8,FUN_800210f8,92,False
0x80021154,FUN_80021154,140,False
0x800211e0,FUN_800211e0,192,False
0x800212a0,FUN_800212a0,36,False
0x800212c4,FUN_800212c4,268,False
0x800213d0,FUN_800213d0,148,False
0x80021464,FUN_80021464,464,False
0x80021634,FUN_80021634,116,False
0x800216a8,FUN_800216a8,16,False
0x800216b8,FUN_800216b8,40,False
0x800216e0,FUN_800216e0,16,False
0x800216f0,FUN_800216f0,172,False
0x8002179c,FUN_8002179c,128,False
0x8002181c,FUN_8002181c,196,False
0x800218e0,FUN_800218e0,376,False
0x80021a58,FUN_80021a58,196,False
0x80021b1c,FUN_80021b1c,76,False
0x80021b68,FUN_80021b68,16,False
0x80021b78,FUN_80021b78,104,False
0x80021be0,FUN_80021be0,124,False
0x80021c5c,FUN_80021c5c,64,False
0x80021c9c,FUN_80021c9c,116,False
0x80021d10,FUN_80021d10,104,False
0x80021d78,FUN_80021d78,448,False
0x80021f38,FUN_80021f38,56,False
0x80021f70,FUN_80021f70,44,False
0x80022330,FUN_80022330,316,False
0x8002246c,FUN_8002246c,136,False
0x80022504,FUN_80022504,172,False
0x800225b0,FUN_800225b0,296,False
0x800226d8,FUN_800226d8,416,False
0x80022878,FUN_80022878,8,False
0x80022880,FUN_80022880,136,False
0x80022908,FUN_80022908,704,False
0x80022bc8,FUN_80022bc8,144,False
0x80022c58,FUN_80022c58,332,False
0x80022da4,FUN_80022da4,156,False
0x80022e50,FUN_80022e50,212,False
0x80022f24,FUN_80022f24,356,False
0x80023088,FUN_80023088,132,False
0x8002310c,FUN_8002310c,156,False
0x800231a8,FUN_800231a8,176,False
0x80023258,FUN_80023258,400,False
0x800233e8,FUN_800233e8,260,False
0x800234ec,FUN_800234ec,16,False
0x800234fc,FUN_800234fc,72,False
0x80023544,FUN_80023544,236,False
0x80023630,FUN_80023630,216,False
0x80023708,FUN_80023708,164,False
0x800237ac,FUN_800237ac,208,False
0x8002387c,FUN_8002387c,76,False
0x800238c8,FUN_800238c8,72,False
0x80023910,FUN_80023910,60,False
0x8002394c,FUN_8002394c,40,False
0x80023974,FUN_80023974,72,False
0x800239bc,FUN_800239bc,140,False
0x80023a48,FUN_80023a48,184,False
0x80023b00,FUN_80023b00,52,False
0x80023b68,FUN_80023b68,400,False
0x80023cf8,FUN_80023cf8,120,False
0x80023d70,FUN_80023d70,136,False
0x80023df8,FUN_80023df8,120,False
0x80023e70,FUN_80023e70,24,False
0x80023e88,FUN_80023e88,108,False
0x80023ef4,FUN_80023ef4,120,False
0x80023f6c,FUN_80023f6c,276,False
0x80024080,FUN_80024080,340,False
0x800241d4,FUN_800241d4,176,False
0x80024284,FUN_80024284,744,False
0x8002456c,FUN_8002456c,280,False
0x80024684,FUN_80024684,140,False
0x80024710,FUN_80024710,1352,False
0x80024c58,FUN_80024c58,184,False
0x80024d10,FUN_80024d10,504,False
0x80024f08,FUN_80024f08,936,False
0x800252b0,FUN_800252b0,408,False
0x80025448,FUN_80025448,228,False
0x8002552c,FUN_8002552c,1252,False
0x80025a10,FUN_80025a10,80,False
0x80025a60,FUN_80025a60,116,False
0x80025ad4,FUN_80025ad4,3100,False
0x800266f0,FUN_800266f0,464,False
0x800268c0,FUN_800268c0,64,False
0x80026900,FUN_80026900,64,False
0x80026940,FUN_80026940,64,False
0x80026980,FUN_80026980,64,False
0x800269c0,FUN_800269c0,892,False
0x80026d3c,FUN_80026d3c,64,False
0x80026d7c,FUN_80026d7c,64,False
0x80026dbc,FUN_80026dbc,364,False
0x80026f28,FUN_80026f28,1876,False
0x8002767c,FUN_8002767c,2068,False
0x80027e90,FUN_80027e90,1876,False
0x800285e4,FUN_800285e4,80,False
0x80028634,FUN_80028634,40,False
0x8002865c,FUN_8002865c,784,False
0x8002896c,FUN_8002896c,4156,False
0x800299a8,FUN_800299a8,572,False
0x80029be4,FUN_80029be4,364,False
0x80029d50,FUN_80029d50,92,False
0x80029dac,FUN_80029dac,16,False
0x80029dbc,FUN_80029dbc,228,False
0x80029ea0,FUN_80029ea0,220,False
0x8002a190,FUN_8002a190,256,False
0x8002a290,FUN_8002a290,44,False
0x8002a2bc,FUN_8002a2bc,348,False
0x8002a418,FUN_8002a418,152,False
0x8002a4b0,FUN_8002a4b0,152,False
0x8002a548,FUN_8002a548,412,False
0x8002a6e4,FUN_8002a6e4,376,False
0x8002a85c,FUN_8002a85c,1288,False
0x8002ad64,FUN_8002ad64,200,False
0x8002ae2c,FUN_8002ae2c,312,False
0x8002af64,FUN_8002af64,208,False
0x8002b034,FUN_8002b034,40,False
0x8002b05c,FUN_8002b05c,152,False
0x8002b0f4,FUN_8002b0f4,220,False
0x8002b1d0,FUN_8002b1d0,264,False
0x8002b2d8,FUN_8002b2d8,352,False
0x8002b438,FUN_8002b438,4,False
0x8002b43c,DsStatus,32,False
0x8002b45c,FUN_8002b45c,80,False
0x8002b4ac,FUN_8002b4ac,20,False
0x8002b4c0,FUN_8002b4c0,476,False
0x8002b69c,FUN_8002b69c,300,False
0x8002b7c8,FUN_8002b7c8,72,False
0x8002b810,FUN_8002b810,272,False
0x8002b920,FUN_8002b920,236,False
0x8002ba0c,FUN_8002ba0c,156,False
0x8002baa8,FUN_8002baa8,624,False
0x8002bd18,FUN_8002bd18,260,False
0x8002be1c,FUN_8002be1c,48,False
0x8002be4c,FUN_8002be4c,180,False
0x8002bf00,FUN_8002bf00,124,False
0x8002bf7c,FUN_8002bf7c,128,False
0x8002bffc,FUN_8002bffc,148,False
0x8002c090,FUN_8002c090,168,False
0x8002c138,FUN_8002c138,72,False
0x8002c180,FUN_8002c180,12,False
0x8002c18c,FUN_8002c18c,20,False
0x8002c1a0,FUN_8002c1a0,8,False
0x8002c1a8,FUN_8002c1a8,64,False
0x8002c1e8,FUN_8002c1e8,184,False
0x8002c2a0,FUN_8002c2a0,756,False
0x8002c594,FUN_8002c594,156,False
0x8002c630,FUN_8002c630,112,False
0x8002c6a0,FUN_8002c6a0,204,False
0x8002c76c,FUN_8002c76c,296,False
0x8002c894,FUN_8002c894,424,False
0x8002ca3c,FUN_8002ca3c,164,False
0x8002cae0,FUN_8002cae0,368,False
0x8002cc50,FUN_8002cc50,308,False
0x8002cd84,FUN_8002cd84,504,False
0x8002cf7c,FUN_8002cf7c,64,False
0x8002cfbc,FUN_8002cfbc,1268,False
0x8002d4b0,FUN_8002d4b0,792,False
0x8002d7c8,FUN_8002d7c8,1032,False
0x8002dbd0,FUN_8002dbd0,684,False
0x8002de7c,FUN_8002de7c,2444,False
0x8002e808,FUN_8002e808,324,False
0x8002e94c,FUN_8002e94c,252,False
0x8002ea48,FUN_8002ea48,440,False
0x8002ec00,FUN_8002ec00,1172,False
0x8002f094,FUN_8002f094,268,False
0x8002f1a0,FUN_8002f1a0,200,False
0x8002f268,FUN_8002f268,580,False
0x8002f4ac,FUN_8002f4ac,2032,False
0x8002fc9c,FUN_8002fc9c,1200,False
0x8003014c,FUN_8003014c,952,False
0x80030504,FUN_80030504,868,False
0x80030868,FUN_80030868,192,False
0x80030928,FUN_80030928,768,False
0x80030c28,FUN_80030c28,132,False
0x80030cac,FUN_80030cac,728,False
0x8003132c,FUN_8003132c,1140,False
0x800317a0,FUN_800317a0,164,False
0x80031844,FUN_80031844,16,False
0x80031854,FUN_80031854,368,False
0x800319c4,FUN_800319c4,1344,False
0x80031f04,FUN_80031f04,312,False
0x8003219c,FUN_8003219c,596,False
0x800323f0,FUN_800323f0,3716,False
0x80033374,FUN_80033374,244,False
0x80033724,FUN_80033724,656,False
0x800339b4,FUN_800339b4,680,False
0x80033c5c,FUN_80033c5c,212,False
0x80033d30,FUN_80033d30,1128,False
0x8003421c,FUN_8003421c,448,False
0x80034438,FUN_80034438,272,False
0x80034548,FUN_80034548,280,False
0x80034660,FUN_80034660,284,False
0x8003477c,FUN_8003477c,280,False
0x8003496c,FUN_8003496c,228,False
0x80034a50,FUN_80034a50,340,False
0x80034ba4,FUN_80034ba4,372,False
0x80034d18,FUN_80034d18,192,False
0x80034dd8,FUN_80034dd8,148,False
0x800351ec,FUN_800351ec,32,False
0x8003520c,FUN_8003520c,84,False
0x80035260,FUN_80035260,152,False
0x800352f8,FUN_800352f8,380,False
0x80035474,FUN_80035474,96,False
0x800354d4,FUN_800354d4,184,False
0x8003558c,FUN_8003558c,132,False
0x80035610,FUN_80035610,112,False
0x80035680,FUN_80035680,228,False
0x80035764,FUN_80035764,76,False
0x800357b0,FUN_800357b0,64,False
0x800357f0,FUN_800357f0,196,False
0x800358b4,FUN_800358b4,44,False
0x800358e0,FUN_800358e0,52,False
0x80035914,FUN_80035914,160,False
0x800359b4,FUN_800359b4,8,False
0x800359bc,FUN_800359bc,288,False
0x80035adc,FUN_80035adc,60,False
0x80035b18,FUN_80035b18,272,False
0x80035c28,FUN_80035c28,352,False
0x80035d88,FUN_80035d88,192,False
0x80035e48,FUN_80035e48,60,False
0x80035e84,FUN_80035e84,144,False
0x80035f14,FUN_80035f14,604,False
0x80036170,FUN_80036170,388,False
0x800362f4,FUN_800362f4,256,False
0x800363f4,FUN_800363f4,144,False
0x80036484,FUN_80036484,712,False
0x8003674c,FUN_8003674c,132,False
0x800367d0,FUN_800367d0,224,False
0x800368b0,FUN_800368b0,76,False
0x800368fc,FUN_800368fc,256,False
0x800369fc,FUN_800369fc,68,False
0x80036a40,FUN_80036a40,348,False
0x80036b9c,FUN_80036b9c,1048,False
0x80036fb4,FUN_80036fb4,716,False
0x80037280,FUN_80037280,52,False
0x800372b4,FUN_800372b4,376,False
0x8003742c,FUN_8003742c,3372,False
0x80038158,FUN_80038158,176,False
0x80038208,FUN_80038208,1480,False
0x800387d0,FUN_800387d0,336,False
0x80038920,FUN_80038920,120,False
0x80038998,FUN_80038998,112,False
0x80038a08,FUN_80038a08,64,False
0x80038a48,FUN_80038a48,264,False
0x80038b50,FUN_80038b50,380,False
0x80038ccc,FUN_80038ccc,136,False
0x80038d54,FUN_80038d54,212,False
0x80038e28,FUN_80038e28,464,False
0x80038ff8,FUN_80038ff8,160,False
0x80039098,FUN_80039098,164,False
0x8003913c,FUN_8003913c,116,False
0x800391b0,FUN_800391b0,384,False
0x80039330,FUN_80039330,92,False
0x8003938c,FUN_8003938c,8,False
0x80039394,FUN_80039394,224,False
0x80039474,FUN_80039474,132,False
0x800394f8,FUN_800394f8,236,False
0x800395e4,FUN_800395e4,1180,False
0x80039a80,FUN_80039a80,260,False
0x80039b84,FUN_80039b84,44,False
0x80039bb0,FUN_80039bb0,36,False
0x80039bd4,FUN_80039bd4,32,False
0x80039bf4,FUN_80039bf4,64,False
0x80039c34,FUN_80039c34,92,False
0x80039c90,FUN_80039c90,152,False
0x80039d28,FUN_80039d28,344,False
0x80039e80,FUN_80039e80,2644,False
0x8003a8d4,FUN_8003a8d4,480,False
0x8003aab4,FUN_8003aab4,1184,False
0x8003af54,FUN_8003af54,212,False
0x8003b028,FUN_8003b028,1876,False
0x8003b77c,FUN_8003b77c,96,False
0x8003b7dc,FUN_8003b7dc,232,False
0x8003b8c4,FUN_8003b8c4,1180,False
0x8003bd60,FUN_8003bd60,196,False
0x8003be24,FUN_8003be24,96,False
0x8003c02c,FUN_8003c02c,96,False
0x8003c08c,FUN_8003c08c,172,False
0x8003c138,FUN_8003c138,76,False
0x8003c184,FUN_8003c184,76,False
0x8003c1d0,FUN_8003c1d0,1756,False
0x8003c8ac,FUN_8003c8ac,176,False
0x8003c95c,FUN_8003c95c,112,False
0x8003c9cc,FUN_8003c9cc,240,False
0x8003cabc,FUN_8003cabc,76,False
0x8003cb08,FUN_8003cb08,964,False
0x8003cecc,FUN_8003cecc,124,False
0x8003cf48,FUN_8003cf48,136,False
0x8003cfd0,FUN_8003cfd0,88,False
0x8003d028,FUN_8003d028,36,False
0x8003d04c,FUN_8003d04c,220,False
0x8003d128,FUN_8003d128,56,False
0x8003d160,FUN_8003d160,56,False
0x8003d198,FUN_8003d198,16,False
0x8003d1a8,FUN_8003d1a8,36,False
0x8003d1cc,FUN_8003d1cc,84,False
0x8003d220,FUN_8003d220,104,False
0x8003d288,FUN_8003d288,48,False
0x8003d2b8,FUN_8003d2b8,40,False
0x8003d2e0,FUN_8003d2e0,64,False
0x8003d320,FUN_8003d320,204,False
0x8003d3ec,FUN_8003d3ec,80,False
0x8003d43c,FUN_8003d43c,68,False
0x8003d480,FUN_8003d480,12,False
0x8003d48c,FUN_8003d48c,12,False
0x8003d498,FUN_8003d498,136,False
0x8003d520,FUN_8003d520,12,False
0x8003d52c,FUN_8003d52c,12,False
0x8003d538,FUN_8003d538,152,False
0x8003d5d0,FUN_8003d5d0,12,False
0x8003d5dc,FUN_8003d5dc,12,False
0x8003d5e8,FUN_8003d5e8,52,False
0x8003d61c,FUN_8003d61c,12,False
0x8003d628,FUN_8003d628,64,False
0x8003d668,FUN_8003d668,12,False
0x8003d674,FUN_8003d674,12,False
0x8003d680,FUN_8003d680,112,False
0x8003d6f0,FUN_8003d6f0,12,False
0x8003d6fc,FUN_8003d6fc,12,False
0x8003d708,FUN_8003d708,56,False
0x8003d740,FUN_8003d740,108,False
0x8003d7ac,FUN_8003d7ac,72,False
0x8003d7f4,FUN_8003d7f4,168,False
0x8003d89c,FUN_8003d89c,80,False
0x8003d8ec,FUN_8003d8ec,68,False
0x8003d930,FUN_8003d930,160,False
0x8003d9d0,FUN_8003d9d0,164,False
0x8003da74,FUN_8003da74,316,False
0x8003dbb0,FUN_8003dbb0,120,False
0x8003dc28,FUN_8003dc28,48,False
0x8003dc58,FUN_8003dc58,168,False
0x8003dd00,FUN_8003dd00,48,False
0x8003dd30,FUN_8003dd30,84,False
0x8003dd84,FUN_8003dd84,248,False
0x8003de7c,FUN_8003de7c,12,False
0x8003de88,FUN_8003de88,2012,False
0x8003e664,FUN_8003e664,288,False
0x8003e784,FUN_8003e784,196,False
0x8003e848,FUN_8003e848,2116,False
0x8003f08c,FUN_8003f08c,60,False
0x8003f0c8,FUN_8003f0c8,404,False
0x8003f25c,FUN_8003f25c,108,False
0x8003f2c8,FUN_8003f2c8,304,False
0x8003f3f8,FUN_8003f3f8,148,False
0x8003f48c,FUN_8003f48c,36,False
0x8003f4b0,FUN_8003f4b0,116,False
0x8003f524,FUN_8003f524,44,False
0x8003f550,FUN_8003f550,392,False
0x8003f6d8,FUN_8003f6d8,36,False
0x8003f6fc,FUN_8003f6fc,36,False
0x8003f720,FUN_8003f720,152,False
0x8003f7b8,FUN_8003f7b8,224,False
0x8003f898,FUN_8003f898,376,False
0x8003fa10,FUN_8003fa10,280,False
0x8003fb28,FUN_8003fb28,92,False
0x8003fb84,FUN_8003fb84,288,False
0x8003fca4,FUN_8003fca4,40,False
0x8003fccc,FUN_8003fccc,44,False
0x8003fcf8,FUN_8003fcf8,100,False
0x8003fd5c,FUN_8003fd5c,288,False
0x8003fe7c,FUN_8003fe7c,72,False
0x8003fec4,FUN_8003fec4,92,False
0x8003ff20,FUN_8003ff20,336,False
0x80040070,FUN_80040070,48,False
0x800400a0,FUN_800400a0,68,False
0x800400e4,FUN_800400e4,100,False
0x80040148,FUN_80040148,132,False
0x800401cc,FUN_800401cc,8,False
0x800401d4,FUN_800401d4,44,False
0x80040200,FUN_80040200,44,False
0x8004022c,FUN_8004022c,44,False
0x80040258,FUN_80040258,936,False
0x80040600,FUN_80040600,1288,False
0x80040b08,FUN_80040b08,336,False
0x80040c58,FUN_80040c58,2468,False
0x800415fc,FUN_800415fc,272,False
0x8004170c,FUN_8004170c,224,False
0x800417ec,FUN_800417ec,348,False
0x80041948,FUN_80041948,380,False
0x80041ac4,FUN_80041ac4,72,False
0x80041b0c,FUN_80041b0c,220,False
0x80041be8,FUN_80041be8,132,False
0x80041c6c,FUN_80041c6c,344,False
0x80041dc4,FUN_80041dc4,112,False
0x80041e34,FUN_80041e34,508,False
0x80042030,FUN_80042030,284,False
0x8004214c,FUN_8004214c,232,False
0x80042234,FUN_80042234,124,False
0x800422b0,FUN_800422b0,64,False
0x800422f0,FUN_800422f0,32,False
0x80042310,FUN_80042310,32,False
0x80042330,FUN_80042330,252,False
0x8004242c,FUN_8004242c,280,False
0x80042544,FUN_80042544,520,False
0x8004274c,FUN_8004274c,644,False
0x800429d0,FUN_800429d0,1660,False
0x8004304c,FUN_8004304c,152,False
0x800430e4,FUN_800430e4,1084,False
0x80043520,FUN_80043520,2664,False
0x80043f88,FUN_80043f88,384,False
0x80044108,FUN_80044108,80,False
0x80044158,FUN_80044158,36,False
0x8004417c,FUN_8004417c,40,False
0x800441a4,FUN_800441a4,552,False
0x800443cc,FUN_800443cc,552,False
0x800445f4,FUN_800445f4,60,False
0x8004463c,FUN_8004463c,84,False
0x80044690,FUN_80044690,40,False
0x800446b8,FUN_800446b8,144,False
0x80044748,FUN_80044748,112,False
0x800447b8,FUN_800447b8,396,False
0x80044944,FUN_80044944,256,False
0x80044a44,FUN_80044a44,736,False
0x80044d24,FUN_80044d24,884,False
0x80045098,FUN_80045098,104,False
0x80045100,FUN_80045100,64,False
0x80045140,FUN_80045140,168,False
0x800451e8,FUN_800451e8,128,False
0x80045268,FUN_80045268,1400,False
0x800457e0,FUN_800457e0,4504,False
0x80046978,FUN_80046978,16,False
0x80046988,FUN_80046988,16,False
0x80046998,FUN_80046998,284,False
0x80046ab4,FUN_80046ab4,40,False
0x80046adc,FUN_80046adc,216,False
0x80046bb4,FUN_80046bb4,36,False
0x80046bd8,FUN_80046bd8,20,False
0x80046bec,FUN_80046bec,116,False
0x80046c60,FUN_80046c60,112,False
0x80046cd0,FUN_80046cd0,40,False
0x80046cf8,FUN_80046cf8,976,False
0x800470c8,FUN_800470c8,448,False
0x80047288,FUN_80047288,196,False
0x8004734c,FUN_8004734c,172,False
0x800473f8,FUN_800473f8,956,False
0x800477b4,FUN_800477b4,1484,False
0x80047d80,FUN_80047d80,476,False
0x80047f5c,FUN_80047f5c,356,False
0x800480c0,FUN_800480c0,144,False
0x80048150,FUN_80048150,108,False
0x800482dc,FUN_800482dc,236,False
0x800483c8,FUN_800483c8,140,False
0x80048454,FUN_80048454,60,False
0x80048490,FUN_80048490,156,False
0x8004852c,FUN_8004852c,168,False
0x800485d4,FUN_800485d4,48,False
0x80048604,FUN_80048604,80,False
0x80048654,FUN_80048654,208,False
0x80048724,FUN_80048724,196,False
0x800487e8,FUN_800487e8,792,False
0x80048b00,FUN_80048b00,100,False
0x80048b64,FUN_80048b64,376,False
0x80048cdc,FUN_80048cdc,76,False
0x80048d28,FUN_80048d28,52,False
0x80048d5c,FUN_80048d5c,144,False
0x80048dec,FUN_80048dec,152,False
0x80048e84,FUN_80048e84,244,False
0x80048f78,FUN_80048f78,588,False
0x800491c4,FUN_800491c4,40,False
0x800491ec,FUN_800491ec,156,False
0x80049288,FUN_80049288,56,False
0x800492c0,FUN_800492c0,160,False
0x80049360,FUN_80049360,204,False
0x8004942c,FUN_8004942c,508,False
0x80049628,FUN_80049628,96,False
0x80049688,FUN_80049688,148,False
0x8004971c,FUN_8004971c,108,False
0x80049788,FUN_80049788,108,False
0x800497f4,FUN_800497f4,240,False
0x800498e4,FUN_800498e4,208,False
0x800499b4,FUN_800499b4,140,False
0x80049a40,FUN_80049a40,140,False
0x80049acc,FUN_80049acc,96,False
0x80049b2c,FUN_80049b2c,72,False
0x80049b74,FUN_80049b74,696,False
0x80049e2c,FUN_80049e2c,828,False
0x8004a168,FUN_8004a168,152,False
0x8004a200,FUN_8004a200,424,False
0x8004a3a8,FUN_8004a3a8,756,False
0x8004a69c,FUN_8004a69c,2248,False
0x8004af64,FUN_8004af64,688,False
0x8004b214,FUN_8004b214,2144,False
0x8004ba74,FUN_8004ba74,524,False
0x8004bc80,FUN_8004bc80,148,False
0x8004bd14,FUN_8004bd14,96,False
0x8004bd74,FUN_8004bd74,128,False
0x8004bdf4,FUN_8004bdf4,216,False
0x8004becc,FUN_8004becc,224,False
0x8004bfac,FUN_8004bfac,956,False
0x8004c368,FUN_8004c368,540,False
0x8004c584,FUN_8004c584,12,False
0x8004c5dc,FUN_8004c5dc,600,False
0x8004c834,FUN_8004c834,412,False
0x8004c9d0,FUN_8004c9d0,280,False
0x8004cae8,FUN_8004cae8,716,False
0x8004cdb4,FUN_8004cdb4,1464,False
0x8004d36c,FUN_8004d36c,224,False
0x8004d44c,FUN_8004d44c,36,False
0x8004d470,FUN_8004d470,128,False
0x8004d4f0,FUN_8004d4f0,376,False
0x8004d668,FUN_8004d668,148,False
0x8004d6fc,FUN_8004d6fc,96,False
0x8004d75c,FUN_8004d75c,384,False
0x8004d8dc,FUN_8004d8dc,96,False
0x8004d93c,FUN_8004d93c,252,False
0x8004da38,FUN_8004da38,196,False
0x8004dafc,FUN_8004dafc,52,False
0x8004db30,FUN_8004db30,236,False
0x8004dc1c,FUN_8004dc1c,576,False
0x8004de5c,FUN_8004de5c,48,False
0x8004de8c,FUN_8004de8c,808,False
0x8004e1b4,FUN_8004e1b4,1296,False
0x8004e6c4,FUN_8004e6c4,364,False
0x8004e830,FUN_8004e830,1472,False
0x8004edf0,FUN_8004edf0,168,False
0x8004ee98,FUN_8004ee98,188,False
0x8004ef54,FUN_8004ef54,1528,False
0x8004f54c,FUN_8004f54c,240,False
0x8004f63c,FUN_8004f63c,20,False
0x8004f650,FUN_8004f650,1216,False
0x8004fb10,FUN_8004fb10,100,False
0x8004fb74,FUN_8004fb74,608,False
0x8004fdd4,FUN_8004fdd4,412,False
0x8004ff70,FUN_8004ff70,124,False
0x8004ffec,FUN_8004ffec,324,False
0x80050130,FUN_80050130,136,False
0x800501b8,FUN_800501b8,88,False
0x80050210,FUN_80050210,7920,False
0x80052100,FUN_80052100,948,False
0x800524b4,FUN_800524b4,1716,False
0x80052b68,FUN_80052b68,596,False
0x80052dbc,FUN_80052dbc,6652,False
0x800547b8,FUN_800547b8,604,False
0x80054a14,FUN_80054a14,1532,False
0x80055010,FUN_80055010,1848,False
0x80055748,FUN_80055748,2044,False
0x80055f44,FUN_80055f44,456,False
0x8005610c,FUN_8005610c,2912,False
0x80056c6c,FUN_80056c6c,10768,False
0x8005967c,FUN_8005967c,500,False
0x80059870,FUN_80059870,108,False
0x800598dc,FUN_800598dc,364,False
0x80059a48,FUN_80059a48,8,False
0x80059a50,FUN_80059a50,84,False
0x80059aa4,FUN_80059aa4,88,False
0x80059afc,FUN_80059afc,8,False
0x80059b04,FUN_80059b04,1032,False
0x80059f0c,FUN_80059f0c,1576,False
0x8005a534,FUN_8005a534,2868,False
0x8005b068,FUN_8005b068,324,False
0x8005b1ac,FUN_8005b1ac,244,False
0x8005b2a0,FUN_8005b2a0,360,False
0x8005b408,FUN_8005b408,600,False
0x8005b660,FUN_8005b660,488,False
0x8005b848,FUN_8005b848,488,False
0x8005ba30,FUN_8005ba30,1164,False
0x8005bebc,FUN_8005bebc,416,False
0x8005c05c,FUN_8005c05c,3316,False
0x8005cd50,FUN_8005cd50,104,False
0x8005cdb8,FUN_8005cdb8,1168,False
0x8005d248,FUN_8005d248,8,False
0x8005d250,FUN_8005d250,8,False
0x8005d258,FUN_8005d258,88,False
0x8005d2b0,FUN_8005d2b0,24,False
0x8005d2c8,FUN_8005d2c8,512,False
0x8005d4c8,FUN_8005d4c8,496,False
0x8005d6b8,FUN_8005d6b8,1504,False
0x8005dc98,FUN_8005dc98,2652,False
0x8005e6f4,FUN_8005e6f4,228,False
0x8005e7d8,FUN_8005e7d8,24,False
0x8005e7f0,FUN_8005e7f0,28,False
0x8005e80c,FUN_8005e80c,52,False
0x8005e840,FUN_8005e840,112,False
0x8005e8b0,FUN_8005e8b0,1120,False
0x8005ed10,FUN_8005ed10,700,False
0x8005efcc,FUN_8005efcc,32,False
0x8005efec,FUN_8005efec,72,False
0x8005f034,FUN_8005f034,1748,False
0x8005f708,FUN_8005f708,284,False
0x8005f824,FUN_8005f824,260,False
0x8005f928,FUN_8005f928,724,False
0x8005fbfc,FUN_8005fbfc,88,False
0x8005fc54,FUN_8005fc54,80,False
0x8005fca4,FUN_8005fca4,564,False
0x8005fed8,FUN_8005fed8,228,False
0x8005ffbc,FUN_8005ffbc,468,False
0x80060540,FUN_80060540,100,False
0x800605a4,FUN_800605a4,40,False
0x800605cc,FUN_800605cc,36,False
0x800605f0,FUN_800605f0,428,False
0x8006079c,FUN_8006079c,100,False
0x80060800,FUN_80060800,124,False
0x8006087c,FUN_8006087c,208,False
0x8006094c,FUN_8006094c,116,False
0x800609c0,FUN_800609c0,160,False
0x80060a60,FUN_80060a60,312,False
0x80060b98,FUN_80060b98,88,False
0x80060bf0,FUN_80060bf0,96,False
0x80060c50,FUN_80060c50,228,False
0x80060d34,FUN_80060d34,596,False
0x80060f88,FUN_80060f88,1068,False
0x800613b4,FUN_800613b4,596,False
0x80061608,FUN_80061608,256,False
0x80061708,FUN_80061708,256,False
0x80061808,FUN_80061808,176,False
0x800618b8,FUN_800618b8,340,False
0x80061a0c,FUN_80061a0c,284,False
0x80061b28,FUN_80061b28,128,False
0x80061ba8,FUN_80061ba8,152,False
0x80061c40,FUN_80061c40,72,False
0x80061c88,FUN_80061c88,72,False
0x80061cd0,FUN_80061cd0,212,False
0x80061da4,FUN_80061da4,88,False
0x80061dfc,FUN_80061dfc,152,False
0x80061e94,FUN_80061e94,368,False
0x80062004,FUN_80062004,132,False
0x80062088,FUN_80062088,1528,False
0x80062680,FUN_80062680,56,False
0x800626b8,FUN_800626b8,464,False
0x80062888,FUN_80062888,232,False
0x80062970,FUN_80062970,1136,False
0x80062de0,FUN_80062de0,1180,False
0x8006327c,FUN_8006327c,500,False
0x80063470,FUN_80063470,844,False
0x800637bc,FUN_800637bc,296,False
0x800638e4,FUN_800638e4,68,False
0x80063928,FUN_80063928,268,False
0x80063a34,FUN_80063a34,192,False
0x80063af4,FUN_80063af4,276,False
0x80063c08,FUN_80063c08,1136,False
0x80064078,FUN_80064078,188,False
0x80064134,FUN_80064134,132,False
0x800641b8,FUN_800641b8,116,False
0x8006422c,FUN_8006422c,660,False
0x800644c0,FUN_800644c0,548,False
0x800646e4,FUN_800646e4,272,False
0x800647f4,FUN_800647f4,420,False
0x80064998,FUN_80064998,308,False
0x80064acc,FUN_80064acc,1508,False
0x800650b0,FUN_800650b0,228,False
0x80065194,FUN_80065194,156,False
0x80065230,FUN_80065230,600,False
0x80065488,FUN_80065488,280,False
0x800655a0,FUN_800655a0,112,False
0x80065610,FUN_80065610,564,False
0x80065844,FUN_80065844,1700,False
0x80065ee8,FUN_80065ee8,120,False
0x80065f60,FUN_80065f60,28,False
0x80065f7c,FUN_80065f7c,108,False
0x80065fe8,FUN_80065fe8,412,False
0x80066184,FUN_80066184,1348,False
0x800666c8,FUN_800666c8,132,False
0x8006674c,FUN_8006674c,384,False
0x800668cc,FUN_800668cc,264,False
0x800669d4,FUN_800669d4,632,False
0x80066c4c,FUN_80066c4c,180,False
0x80066d00,FUN_80066d00,736,False
0x80066fe0,FUN_80066fe0,208,False
0x800670b0,FUN_800670b0,92,False
0x8006710c,FUN_8006710c,260,False
0x80067210,FUN_80067210,8,False
0x80067218,FUN_80067218,480,False
0x800673f8,FUN_800673f8,260,False
0x800674fc,FUN_800674fc,328,False
0x80067644,FUN_80067644,60,False
0x80067680,FUN_80067680,428,False
0x8006782c,FUN_8006782c,8,False
0x80067834,FUN_80067834,76,False
0x80067880,FUN_80067880,16,False
0x80067890,FUN_80067890,2024,False
0x80068078,FUN_80068078,676,False
0x8006831c,FUN_8006831c,228,False
0x80068400,FUN_80068400,596,False
0x80068654,FUN_80068654,80,False
0x800686a4,FUN_800686a4,548,False
0x800688c8,FUN_800688c8,336,False
0x80068a18,FUN_80068a18,2436,False
0x8006939c,FUN_8006939c,1096,False
0x800697e4,FUN_800697e4,2364,False
0x8006a120,FUN_8006a120,244,False
0x8006a394,FUN_8006a394,384,False
0x8006a514,FUN_8006a514,100,False
0x8006a578,FUN_8006a578,612,False
0x8006a7dc,FUN_8006a7dc,76,False
0x8006a828,FUN_8006a828,32,False
0x8006a848,FUN_8006a848,1928,False
0x8006afd0,FUN_8006afd0,3564,False
0x8006bdbc,FUN_8006bdbc,468,False
0x8006bf90,FUN_8006bf90,216,False
0x8006c068,FUN_8006c068,1252,False
0x8006c54c,FUN_8006c54c,3772,False
0x8006d408,FUN_8006d408,1284,False
0x8006d90c,FUN_8006d90c,12,False
0x8006d918,FUN_8006d918,68,False
0x8006d95c,FUN_8006d95c,144,False
0x8006d9ec,FUN_8006d9ec,244,False
0x8006dae0,FUN_8006dae0,180,False
0x8006db94,FUN_8006db94,124,False
0x8006dc10,FUN_8006dc10,1104,False
0x8006e060,FUN_8006e060,20,False
0x8006e450,FUN_8006e450,100,False
0x8006e4b4,FUN_8006e4b4,148,False
0x8006e548,FUN_8006e548,76,False
0x8006e594,FUN_8006e594,4464,False
0x8006f704,FUN_8006f704,316,False
0x8006f840,FUN_8006f840,452,False
0x8006fd98,FUN_8006fd98,2284,False
0x80070684,FUN_80070684,1340,False
0x80070bc0,FUN_80070bc0,156,False
0x80070c5c,FUN_80070c5c,364,False
0x80070dc8,FUN_80070dc8,76,False
0x80070e14,FUN_80070e14,8,False
0x80070e1c,FUN_80070e1c,60,False
0x80070e58,FUN_80070e58,296,False
0x80070f80,FUN_80070f80,1312,False
0x800714a0,FUN_800714a0,2356,False
0x80071dd4,FUN_80071dd4,16,False
0x80071de4,FUN_80071de4,104,False
0x80071e4c,FUN_80071e4c,196,False
0x80071f10,FUN_80071f10,64,False
0x80071f50,FUN_80071f50,696,False
0x80072208,FUN_80072208,76,False
0x80072254,FUN_80072254,36,False
0x80072278,FUN_80072278,168,False
0x80072320,FUN_80072320,40,False
0x80072348,FUN_80072348,152,False
0x800723f8,FUN_800723f8,596,False
0x8007264c,FUN_8007264c,368,False
0x800727bc,FUN_800727bc,812,False
0x80072ae8,FUN_80072ae8,328,False
0x80072c30,FUN_80072c30,256,False
0x80072d30,FUN_80072d30,36,False
0x80072d54,FUN_80072d54,96,False
0x80072db4,FUN_80072db4,20,False
0x80072dc8,FUN_80072dc8,12,False
0x80072dd4,FUN_80072dd4,640,False
0x80073054,FUN_80073054,1184,False
0x800734f4,FUN_800734f4,12,False
0x80073500,FUN_80073500,768,False
0x80073800,FUN_80073800,8,False
0x80073808,FUN_80073808,436,False
0x800739bc,FUN_800739bc,224,False
0x80073a9c,FUN_80073a9c,348,False
0x80073bf8,FUN_80073bf8,108,False
0x80073c64,FUN_80073c64,172,False
0x80073d10,FUN_80073d10,84,False
0x80073d64,FUN_80073d64,360,False
0x80073ecc,FUN_80073ecc,336,False
0x8007401c,FUN_8007401c,252,False
0x80074118,FUN_80074118,332,False
0x80074264,FUN_80074264,784,False
0x80074574,FUN_80074574,180,False
0x80074628,FUN_80074628,120,False
0x800746a0,FUN_800746a0,260,False
0x800747a4,FUN_800747a4,188,False
0x80074860,FUN_80074860,616,False
0x80074ac8,FUN_80074ac8,712,False
0x80074d90,FUN_80074d90,344,False
0x80074ee8,FUN_80074ee8,76,False
0x80074f34,FUN_80074f34,156,False
0x80075000,FUN_80075000,304,False
0x80075130,FUN_80075130,156,False
0x800751cc,FUN_800751cc,156,False
0x80075268,FUN_80075268,200,False
0x80075330,FUN_80075330,844,False
0x8007567c,FUN_8007567c,180,False
0x80075730,FUN_80075730,216,False
0x80075808,FUN_80075808,56,False
0x80075840,FUN_80075840,12,False
0x8007584c,FUN_8007584c,8,False
0x80075854,FUN_80075854,8,False
0x8007585c,FUN_8007585c,576,False
0x80075a9c,FUN_80075a9c,364,False
0x80075c08,FUN_80075c08,84,False
0x80075c5c,FUN_80075c5c,336,False
0x80075dac,FUN_80075dac,276,False
0x80075ec0,FUN_80075ec0,224,False
0x80075fa0,FUN_80075fa0,528,False
0x800761b0,FUN_800761b0,556,False
0x800763dc,FUN_800763dc,292,False
0x80076500,FUN_80076500,1308,False
0x80076a1c,FUN_80076a1c,2352,False
0x8007734c,FUN_8007734c,136,False
0x800773d4,FUN_800773d4,164,False
0x80077478,FUN_80077478,44,False
0x800774a4,FUN_800774a4,1116,False
0x80077900,FUN_80077900,160,False
0x800779a0,FUN_800779a0,704,False
0x80077c60,FUN_80077c60,860,False
0x80077fbc,FUN_80077fbc,276,False
0x800780d0,FUN_800780d0,912,False
0x80078460,FUN_80078460,388,False
0x800785e4,FUN_800785e4,204,False
0x800786b0,FUN_800786b0,288,False
0x800787d0,FUN_800787d0,168,False
0x80078878,FUN_80078878,76,False
0x800788c4,FUN_800788c4,64,False
0x80078904,FUN_80078904,556,False
0x80078b30,FUN_80078b30,136,False
0x80078bb8,FUN_80078bb8,108,False
0x80078c24,FUN_80078c24,36,False
0x80078c48,FUN_80078c48,64,False
0x80078c88,FUN_80078c88,240,False
0x80078d78,FUN_80078d78,968,False
0x800792a8,main,456,False
0x80079470,FUN_80079470,324,False
0x800795b4,FUN_800795b4,112,False
0x80079624,FUN_80079624,56,False
0x8007965c,FUN_8007965c,32,False
0x80079684,FUN_80079684,220,False
0x80079760,FUN_80079760,36,False
0x80079784,FUN_80079784,144,False
0x80079814,FUN_80079814,3696,False
0x8007a684,FUN_8007a684,252,False
0x8007a780,FUN_8007a780,532,False
0x8007a994,FUN_8007a994,2328,False
0x8007b2ac,FUN_8007b2ac,1360,False
0x8007b7fc,FUN_8007b7fc,1796,False
0x8007bf00,FUN_8007bf00,1600,False
0x8007c540,FUN_8007c540,1580,False
0x8007cb6c,FUN_8007cb6c,1984,False
0x8007d32c,FUN_8007d32c,2696,False
0x8007ddb4,FUN_8007ddb4,3248,False
0x8007ea64,FUN_8007ea64,2620,False
0x8007f4a0,FUN_8007f4a0,880,False
0x8007f810,FUN_8007f810,5292,False
0x80080cbc,FUN_80080cbc,3552,False
0x80081a9c,FUN_80081a9c,7772,False
0x800838f8,FUN_800838f8,7336,False
0x800855a0,FUN_800855a0,2032,False
0x80085d90,FUN_80085d90,5024,False
0x80087130,FUN_80087130,3704,False
0x80087fa8,FUN_80087fa8,3892,False
0x80088edc,FUN_80088edc,868,False
0x80089240,FUN_80089240,60,False
0x8008927c,FUN_8008927c,4784,False
0x8008a52c,FUN_8008a52c,320,False
0x8008a66c,FUN_8008a66c,392,False
0x8008a7f4,FUN_8008a7f4,416,False
0x8008a994,FUN_8008a994,252,False
0x8008aa90,FUN_8008aa90,72,False
0x8008aad8,FUN_8008aad8,36,False
0x8008aafc,FUN_8008aafc,188,False
0x8008abb8,FUN_8008abb8,64,False
0x8008abf8,FUN_8008abf8,100,False
0x8008ac5c,FUN_8008ac5c,648,False
0x8008aee4,FUN_8008aee4,636,False
0x8008b160,FUN_8008b160,472,False
0x8008b338,FUN_8008b338,892,False
0x8008b6b4,FUN_8008b6b4,232,False
0x8008b79c,FUN_8008b79c,112,False
0x8008b80c,FUN_8008b80c,456,False
0x8008b9d4,FUN_8008b9d4,608,False
0x8008bc34,FUN_8008bc34,292,False
0x8008bd58,FUN_8008bd58,1456,False
0x8008c308,FUN_8008c308,696,False
0x8008c5c0,FUN_8008c5c0,684,False
0x8008c86c,FUN_8008c86c,312,False
0x8008c9a4,FUN_8008c9a4,484,False
0x8008cb88,FUN_8008cb88,1244,False
0x8008d064,FUN_8008d064,1424,False
0x8008d5f4,FUN_8008d5f4,1576,False
0x8008dc1c,FUN_8008dc1c,580,False
0x8008de60,FUN_8008de60,368,False
0x8008dfd0,FUN_8008dfd0,240,False
0x8008e0c0,FUN_8008e0c0,124,False
0x8008e13c,FUN_8008e13c,224,False
0x8008e21c,FUN_8008e21c,208,False
0x8008e2ec,FUN_8008e2ec,404,False
0x8008e480,FUN_8008e480,156,False
0x8008e51c,FUN_8008e51c,248,False
0x8008e614,FUN_8008e614,328,False
0x8008e75c,FUN_8008e75c,1232,False
0x8008ec2c,FUN_8008ec2c,620,False
0x8008ee98,FUN_8008ee98,340,False
0x8008efec,FUN_8008efec,220,False
0x8008f0c8,FUN_8008f0c8,148,False
0x8008f15c,FUN_8008f15c,64,False
0x8008f19c,FUN_8008f19c,424,False
0x8008f344,FUN_8008f344,2076,False
0x8008fb60,FUN_8008fb60,1192,False
0x80090008,FUN_80090008,1644,False
0x80090674,FUN_80090674,164,False
0x80090718,FUN_80090718,328,False
0x80090860,FUN_80090860,292,False
0x80090984,FUN_80090984,260,False
0x80090a88,FUN_80090a88,784,False
0x80090d98,FUN_80090d98,352,False
0x80090ef8,FUN_80090ef8,188,False
0x80090fb4,FUN_80090fb4,2860,False
0x80091ae0,FUN_80091ae0,1728,False
0x800921a0,FUN_800921a0,412,False
0x8009233c,FUN_8009233c,144,False
0x800923cc,FUN_800923cc,1224,False
0x80092894,FUN_80092894,164,False
0x80092938,FUN_80092938,96,False
0x80092998,FUN_80092998,916,False
0x80092d2c,FUN_80092d2c,44,False
0x80092d58,FUN_80092d58,44,False
0x80092d84,FUN_80092d84,44,False
0x80092db0,FUN_80092db0,44,False
0x80092ddc,FUN_80092ddc,16,False
0x80092dec,FUN_80092dec,28,False
0x80092e08,FUN_80092e08,340,False
0x80092f5c,FUN_80092f5c,244,False
0x80093050,FUN_80093050,44,False
0x8009307c,FUN_8009307c,348,False
0x800931d8,FUN_800931d8,676,False
0x8009347c,FUN_8009347c,124,False
0x800934f8,FUN_800934f8,72,False
0x80093540,FUN_80093540,40,False
0x80093568,FUN_80093568,36,False
0x8009358c,FUN_8009358c,444,False
0x80093748,FUN_80093748,176,False
0x800937f8,FUN_800937f8,320,False
0x80093938,FUN_80093938,196,False
0x800939fc,FUN_800939fc,1392,False
0x80093f6c,FUN_80093f6c,1444,False
0x80094510,FUN_80094510,2240,False
0x80094ff0,FUN_80094ff0,728,False
0x800952c8,FUN_800952c8,664,False
0x80095560,FUN_80095560,68,False
0x800955a4,FUN_800955a4,20,False
0x800955b8,FUN_800955b8,156,False
0x80095654,FUN_80095654,40,False
0x8009567c,FUN_8009567c,68,False
0x800956c0,FUN_800956c0,8,False
0x800956c8,FUN_800956c8,160,False
0x80095768,FUN_80095768,392,False
0x800958f0,FUN_800958f0,720,False
0x80095bc0,FUN_80095bc0,432,False
0x80095d70,FUN_80095d70,1148,False
0x800961ec,FUN_800961ec,156,False
0x80096288,FUN_80096288,260,False
0x80096414,FUN_80096414,116,False
0x80096488,FUN_80096488,116,False
0x800964fc,FUN_800964fc,436,False
0x800966b0,FUN_800966b0,256,False
0x800967f0,FUN_800967f0,340,False
0x80096944,FUN_80096944,20,False
0x80096958,FUN_80096958,20,False
0x80096980,FUN_80096980,20,False
0x80096994,FUN_80096994,80,False
0x800969e4,FUN_800969e4,60,False
0x80096a20,FUN_80096a20,860,False
0x80096d7c,FUN_80096d7c,276,False
0x80096e90,FUN_80096e90,600,False
0x800970e8,FUN_800970e8,100,False
0x8009714c,FUN_8009714c,100,False
0x800971b0,FUN_800971b0,196,False
0x80097274,FUN_80097274,8,False
0x8009727c,FUN_8009727c,8,False
0x80097284,FUN_80097284,376,False
0x800973fc,FUN_800973fc,32,False
0x8009741c,FUN_8009741c,32,False
0x8009743c,FUN_8009743c,864,False
0x8009779c,FUN_8009779c,12,False
0x800977a8,FUN_800977a8,328,False
0x800978f0,FUN_800978f0,632,False
0x80097b68,FUN_80097b68,396,False
0x80097cf4,FUN_80097cf4,28,False
0x80097d10,FUN_80097d10,140,False
0x80097d9c,FUN_80097d9c,284,False
0x80097eb8,FUN_80097eb8,232,False
0x80097fa0,FUN_80097fa0,52,False
0x80097fd4,FUN_80097fd4,52,False
0x80098008,FUN_80098008,64,False
0x8009852c,FUN_8009852c,280,False
0x80098644,FUN_80098644,748,False
0x80098930,FUN_80098930,256,False
0x80098a30,FUN_80098a30,480,False
0x80098c10,FUN_80098c10,240,False
0x80098d00,FUN_80098d00,44,False
0x80098d2c,FUN_80098d2c,352,False
0x80098e8c,FUN_80098e8c,84,False
0x80098ee0,FUN_80098ee0,72,False
0x80098f28,FUN_80098f28,308,False
0x8009905c,FUN_8009905c,392,False
0x800991e4,FUN_800991e4,156,False
0x80099280,PadSetAct,64,False
0x800992c0,PadSetActAlign,124,False
0x8009933c,PDCMD2_OBJ_7C,40,False
0x80099364,PDCMD2_OBJ_A4,148,False
0x800993f8,PDCMD2_OBJ_138,52,False
0x80099430,PadGetState,184,False
0x800994e8,PDENT2_OBJ_B8,4,False
0x800994ec,PDENT2_OBJ_BC,16,False
0x80099500,PadInfoMode,228,False
0x800995e4,PDENT3_OBJ_E4,20,False
0x80099600,PadInfoAct,128,False
0x80099680,PDENT4_OBJ_80,12,False
0x8009968c,PDENT4_OBJ_8C,12,False
0x80099698,PDENT4_OBJ_98,12,False
0x800996a4,PDENT4_OBJ_A4,12,False
0x800996b0,PDENT4_OBJ_B0,12,False
0x800996c0,PDENT4_OBJ_C0,20,False
0x800996e0,PadStartCom,204,False
0x800997ac,PadStopCom,68,False
0x800997f0,PadInitDirect,176,False
0x800998a0,_padInitDirPort,240,False
0x80099990,PDDIRRES_OBJ_F0,104,False
0x800999f8,PDDIRRES_OBJ_158,116,False
0x80099a6c,PDDIRRES_OBJ_1CC,92,False
0x80099ac8,PDDIRRES_OBJ_228,36,False
0x80099aec,PDDIRRES_OBJ_24C,16,False
0x80099afc,PDDIRRES_OBJ_25C,100,False
0x80099b60,PDDIRRES_OBJ_2C0,12,False
0x80099b8c,PDDIRRES_OBJ_2EC,36,False
0x80099bb0,PDDIRRES_OBJ_310,8,False
0x80099bb8,PDDIRRES_OBJ_318,212,False
0x80099c8c,PDDIRRES_OBJ_3EC,76,False
0x80099cd8,PDDIRRES_OBJ_438,88,False
0x80099e24,PDDIRRES_OBJ_584,16,False
0x80099e34,PDDIRRES_OBJ_594,32,False
0x80099e54,PDDIRRES_OBJ_5B4,212,False
0x80099f28,PDDIRRES_OBJ_688,44,False
0x80099f54,PDDIRRES_OBJ_6B4,16,False
0x80099f64,PDDIRRES_OBJ_6C4,232,False
0x8009a04c,PDDIRRES_OBJ_7AC,296,False
0x8009a174,PDDIRRES_OBJ_8D4,12,False
0x8009a188,PDDIRRES_OBJ_8E8,40,False
0x8009a1b0,PDDIRRES_OBJ_910,16,False
0x8009a1c0,PDDIRRES_OBJ_920,16,False
0x8009a1d0,_dirFailAuto,208,False
0x8009a2a0,PDDIRRES_OBJ_A00,16,False
0x8009a2b0,PDDIRRES_OBJ_A10,44,False
0x8009a4d8,FUN_8009a4d8,820,False
0x8009a80c,FUN_8009a80c,240,False
0x8009a8fc,FUN_8009a8fc,548,False
0x8009ab20,FUN_8009ab20,636,False
0x8009ad9c,FUN_8009ad9c,144,False
0x8009ae2c,FUN_8009ae2c,40,False
0x8009ae54,FUN_8009ae54,16,False
0x8009ae64,FUN_8009ae64,132,False
0x8009aee8,FUN_8009aee8,624,False
0x8009b158,FUN_8009b158,56,False
0x8009b190,FUN_8009b190,212,False
0x8009b704,FUN_8009b704,32,False
0x8009b724,FUN_8009b724,20,False
0x8009b738,FUN_8009b738,32,False
0x8009b758,FUN_8009b758,32,False
0x8009b778,FUN_8009b778,32,False
0x8009b798,FUN_8009b798,20,False
0x8009b7ac,FUN_8009b7ac,32,False
0x8009b7cc,FUN_8009b7cc,160,False
0x8009c150,_bu_init,12,False
0x8009c160,OpenEvent,12,False
0x8009c170,CloseEvent,12,False
0x8009c180,EnableEvent,12,False
0x8009c190,DisableEvent,12,False
0x8009c1a0,FUN_8009c1a0,16,False
0x8009c1b0,FUN_8009c1b0,16,False
0x8009c1c0,FUN_8009c1c0,32,False
0x8009c1e0,FUN_8009c1e0,28,False
0x8009c200,SysEnqIntRP,12,False
0x8009c210,SysDeqIntRP,12,False
0x8009c220,ChangeClearRCnt,12,False
0x8009c230,InitHeap3,96,False
0x8009c290,malloc3,20,False
0x8009c2a4,MALLOC3_OBJ_14,40,False
0x8009c2cc,MALLOC3_OBJ_3C,56,False
0x8009c304,MALLOC3_OBJ_74,16,False
0x8009c338,MALLOC3_OBJ_A8,8,False
0x8009c340,free3,68,False
0x8009c384,FREE3_OBJ_44,188,False
0x8009c440,FREE3_OBJ_100,56,False
0x8009c478,FREE3_OBJ_138,16,False
0x8009c490,exit,12,False
0x8009c4a0,strcat,12,False
0x8009c4b0,strcmp,12,False
0x8009c4c0,strcpy,12,False
0x8009c4d0,strlen,12,False
0x8009c4e0,toupper,12,False
0x8009c4f0,bzero,12,False
0x8009c500,printf,12,False
0x8009c510,sprintf,148,False
0x8009c5a4,SPRINTF_OBJ_94,300,False
0x8009c6d0,SPRINTF_OBJ_1C0,156,False
0x8009c76c,SPRINTF_OBJ_25C,68,False
0x8009c7b0,SPRINTF_OBJ_2A0,36,False
0x8009c7d4,SPRINTF_OBJ_2C4,12,False
0x8009c7e0,SPRINTF_OBJ_2D0,12,False
0x8009c7ec,SPRINTF_OBJ_2DC,12,False
0x8009c7f8,SPRINTF_OBJ_2E8,32,False
0x8009c818,SPRINTF_OBJ_308,88,False
0x8009c870,SPRINTF_OBJ_360,52,False
0x8009c8a4,SPRINTF_OBJ_394,236,False
0x8009c990,SPRINTF_OBJ_480,256,False
0x8009ca90,SPRINTF_OBJ_580,20,False
0x8009caa4,SPRINTF_OBJ_594,12,False
0x8009cab0,SPRINTF_OBJ_5A0,8,False
0x8009cab8,SPRINTF_OBJ_5A8,256,False
0x8009cbb8,SPRINTF_OBJ_6A8,32,False
0x8009cbd8,SPRINTF_OBJ_6C8,140,False
0x8009cc64,SPRINTF_OBJ_754,52,False
0x8009cc98,SPRINTF_OBJ_788,24,False
0x8009ccb0,SPRINTF_OBJ_7A0,140,False
0x8009cd3c,SPRINTF_OBJ_82C,88,False
0x8009cda0,memchr,12,False
0x8009cdb0,memmove,100,False
0x8009ce14,MEMMOVE_OBJ_64,8,False
0x8009ce20,_card_info,12,False
0x8009ce30,_card_load,12,False
0x8009ce40,_card_auto,12,False
0x8009ce50,_card_write,12,False
0x8009ce60,_card_read,12,False
0x8009ce70,_card_clear,52,False
0x8009ceb0,_new_card,12,False
0x8009cec0,InitCARD,144,False
0x8009cf50,StartCARD,72,False
0x8009cf98,StopCARD,40,False
0x8009cfc0,ChangeClearPAD,12,False
0x8009cfd0,SetInitPadFlag,12,False
0x8009cfdc,ReadInitPadFlag,16,False
0x8009cfec,PAD_init,144,False
0x8009d07c,InitPAD,144,False
0x8009d10c,StartPAD,48,False
0x8009d13c,PAD_OBJ_16C,120,False
0x8009d1b4,PAD_OBJ_1E4,104,False
0x8009d21c,PAD_OBJ_24C,64,False
0x8009d260,InitPAD2,12,False
0x8009d270,StartPAD2,12,False
0x8009d280,PAD_init2,12,False
0x8009d290,EnablePAD,20,False
0x8009d2a4,DisablePAD,20,False
0x8009d2b8,_patch_pad,112,False
0x8009d330,FlushCache,12,False
0x8009d340,_remove_ChgclrPAD,104,False
0x8009d3b0,InitCARD2,12,False
0x8009d3c0,StartCARD2,12,False
0x8009d3d0,StopCARD2,12,False
0x8009d3e0,_patch_card_info,68,False
0x8009d4bc,_patch_card,148,False
0x8009d550,_patch_card2,112,False
0x8009d5c0,_copy_memcard_patch,52,False
0x8009d600,FUN_8009d600,112,False
0x8009d680,CdInit,128,False
0x8009d700,EVENT_OBJ_80,16,False
0x8009d710,EVENT_OBJ_90,44,False
0x8009d73c,EVENT_OBJ_BC,16,False
0x8009d74c,EVENT_OBJ_CC,40,False
0x8009d774,EVENT_OBJ_F4,40,False
0x8009d79c,EVENT_OBJ_11C,40,False
0x8009d7d0,DeliverEvent,12,False
0x8009d7e0,DsPosToInt,128,False
0x8009d860,CdSearchFile,264,False
0x8009d968,ISO9660_OBJ_108,412,False
0x8009db04,ISO9660_OBJ_2A4,12,False
0x8009db10,ISO9660_OBJ_2B0,40,False
0x8009db38,ISO9660_OBJ_2D8,32,False
0x8009db58,ISO9660_OBJ_2F8,668,False
0x8009ddf4,ISO9660_OBJ_594,40,False
0x8009de1c,ISO9660_OBJ_5BC,132,False
0x8009dea0,ISO9660_OBJ_640,32,False
0x8009dec0,ISO9660_OBJ_660,372,False
0x8009e034,ISO9660_OBJ_7D4,28,False
0x8009e050,ISO9660_OBJ_7F0,228,False
0x8009e134,ISO9660_OBJ_8D4,40,False
0x8009e15c,ISO9660_OBJ_8FC,104,False
0x8009e1d0,strncmp,12,False
0x8009e1e0,memcpy,12,False
0x8009e1f0,BIOS_1_OBJ_0,100,False
0x8009e254,BIOS_1_OBJ_64,512,False
0x8009e454,BIOS_1_OBJ_264,256,False
0x8009e554,BIOS_1_OBJ_364,76,False
0x8009e5a0,BIOS_1_OBJ_3B0,128,False
0x8009e620,BIOS_1_OBJ_430,128,False
0x8009e6a0,BIOS_1_OBJ_4B0,128,False
0x8009e740,BIOS_1_OBJ_550,20,False
0x8009e754,CD_sync,312,False
0x8009e88c,BIOS_1_OBJ_69C,48,False
0x8009e8bc,BIOS_1_OBJ_6CC,232,False
0x8009e9a4,BIOS_1_OBJ_7B4,48,False
0x8009e9d4,CD_ready,312,False
0x8009eb0c,BIOS_1_OBJ_91C,48,False
0x8009eb3c,BIOS_1_OBJ_94C,304,False
0x8009ec6c,BIOS_1_OBJ_A7C,48,False
0x8009ec9c,CD_cw,716,False
0x8009ef68,BIOS_1_OBJ_D78,48,False
0x8009ef98,BIOS_1_OBJ_DA8,232,False
0x8009f080,BIOS_1_OBJ_E90,40,False
0x8009f0a8,CD_vol,136,False
0x8009f130,CD_flush,212,False
0x8009f204,CD_initvol,240,False
0x8009f2f4,CD_initintr,76,False
0x8009f340,CD_init,464,False
0x8009f510,BIOS_1_OBJ_1320,16,False
0x8009f520,CD_datasync,280,False
0x8009f638,BIOS_1_OBJ_1448,80,False
0x8009f688,CD_set_test_parmnum,12,False
0x8009f694,BIOS_1_OBJ_14A4,52,False
0x8009f6c8,BIOS_1_OBJ_14D8,164,False
0x8009f778,FUN_8009f778,12,False
0x8009f790,DsIntToPos,260,False
0x8009f8a0,FUN_8009f8a0,20,False
0x8009f8c0,FUN_8009f8c0,32,False
0x8009f8e0,FUN_8009f8e0,32,False
0x8009f900,FUN_8009f900,20,False
0x8009f920,FUN_8009f920,20,False
0x8009f940,CdControl,316,False
0x8009fa7c,CdControlF,308,False
0x8009fbb0,CdControlB,284,False
0x8009fccc,S_016_OBJ_38C,48,False
0x8009fd00,DsGetSector,32,False
0x8009fd20,CD_getsector,256,False
0x8009fe20,FUN_8009fe20,36,False
0x8009fe50,FUN_8009fe50,32,False
0x8009fea4,CDR_1_OBJ_34,160,False
0x8009ff44,CDR_1_OBJ_D4,196,False
0x800a000c,CDR_1_OBJ_19C,268,False
0x800a0118,CDR_1_OBJ_2A8,208,False
0x800a01e8,CDR_1_OBJ_378,464,False
0x800a03b8,CDR_1_OBJ_548,24,False
0x800a03d0,CdReadBreak,212,False
0x800a04a4,CDR_1_OBJ_634,184,False
0x800a055c,CDR_1_OBJ_6EC,20,False
0x800a0570,CdRead,124,False
0x800a05ec,CDR_1_OBJ_77C,72,False
0x800a0654,CDR_1_OBJ_7E4,12,False
0x800a0660,CDR_1_OBJ_7F0,172,False
0x800a070c,CdReadSync,152,False
0x800a07a4,CDR_1_OBJ_934,108,False
0x800a0810,FUN_800a0810,16,False
0x800a0820,FUN_800a0820,16,False
0x800a0830,FUN_800a0830,12,False
0x800a0840,FUN_800a0840,32,False
0x800a0860,FUN_800a0860,32,False
0x800a0880,CD_getsector2,236,False
0x800a0970,FUN_800a0970,20,False
0x800a0990,VSync,164,False
0x800a0a34,VSYNC_OBJ_A4,192,False
0x800a0af4,VSYNC_OBJ_164,20,False
0x800a0b08,VSYNC_OBJ_178,136,False
0x800a0b90,VSYNC_OBJ_200,16,False
0x800a0ba0,ResetCallback,48,False
0x800a0bd0,InterruptCallback,48,False
0x800a0c00,DMACallback,48,False
0x800a0c30,VSyncCallback,52,False
0x800a0c64,VSyncCallbacks,48,False
0x800a0c94,StopCallback,48,False
0x800a0cc4,RestartCallback,48,False
0x800a0cf4,CheckCallback,16,False
0x800a0d04,GetIntrMask,24,False
0x800a0d1c,SetIntrMask,24,False
0x800a0d34,INTR_OBJ_194,216,False
0x800a0e0c,INTR_OBJ_26C,420,False
0x800a0fb0,INTR_OBJ_410,44,False
0x800a0fdc,INTR_OBJ_43C,176,False
0x800a108c,INTR_OBJ_4EC,152,False
0x800a1124,INTR_OBJ_584,160,False
0x800a11c4,INTR_OBJ_624,104,False
0x800a122c,INTR_OBJ_68C,16,False
0x800a123c,INTR_OBJ_69C,36,False
0x800a1268,FUN_800a1268,12,False
0x800a1280,ReturnFromException,12,False
0x800a1290,ResetEntryInt,12,False
0x800a12a0,HookEntryInt,12,False
0x800a12b0,setjmp,12,False
0x800a12c0,startIntrVSync,88,False
0x800a1318,INTR_VB_OBJ_58,108,False
0x800a1384,INTR_VB_OBJ_C4,44,False
0x800a13b0,INTR_VB_OBJ_F0,36,False
0x800a13e0,startIntrDMA,76,False
0x800a142c,INTR_DMA_OBJ_4C,384,False
0x800a15ac,INTR_DMA_OBJ_1CC,164,False
0x800a1650,INTR_DMA_OBJ_270,8,False
0x800a1658,INTR_DMA_OBJ_278,36,False
0x800a1680,FUN_800a1680,20,False
0x800a1694,FUN_800a1694,16,False
0x800a16b0,ResetGraph,272,False
0x800a17c0,SYS_OBJ_110,80,False
0x800a1810,SYS_OBJ_160,20,False
0x800a1824,SetGraphDebug,92,False
0x800a1880,SetGraphQueue,164,False
0x800a1924,GetGraphDebug,16,False
0x800a1934,DrawSyncCallback,96,False
0x800a1994,SetDispMask,152,False
0x800a1a2c,DrawSync,104,False
0x800a1a94,SYS_OBJ_3E4,208,False
0x800a1b64,SYS_OBJ_4B4,60,False
0x800a1ba0,SYS_OBJ_4F0,16,False
0x800a1bb0,ClearImage,144,False
0x800a1c40,ClearImage2,152,False
0x800a1cd8,LoadImage,96,False
0x800a1d38,StoreImage,96,False
0x800a1d98,MoveImage,160,False
0x800a1e38,SYS_OBJ_788,24,False
0x800a1e50,ClearOTag,200,False
0x800a1f18,ClearOTagR,172,False
0x800a1fc4,DrawPrim,92,False
0x800a2020,DrawOTag,112,False
0x800a2090,PutDrawEnv,192,False
0x800a2150,DrawOTagEnv,216,False
0x800a2228,GetDrawEnv,52,False
0x800a225c,PutDispEnv,416,False
0x800a23fc,SYS_OBJ_D4C,536,False
0x800a2614,SYS_OBJ_F64,28,False
0x800a26a4,SYS_OBJ_FF4,24,False
0x800a26bc,SYS_OBJ_100C,152,False
0x800a2754,GetDispEnv,52,False
0x800a2788,GetODE,48,False
0x800a27b8,SetDrawArea,128,False
0x800a2838,SetDrawOffset,64,False
0x800a2878,SetDrawEnv,348,False
0x800a29d4,SYS_OBJ_1324,156,False
0x800a2a70,SYS_OBJ_13C0,348,False
0x800a2bcc,SYS_OBJ_151C,248,False
0x800a2cc4,SYS_OBJ_1614,28,False
0x800a2ce0,SYS_OBJ_1630,32,False
0x800a2d00,SYS_OBJ_1650,124,False
0x800a2d7c,SYS_OBJ_16CC,28,False
0x800a2d98,SYS_OBJ_16E8,124,False
0x800a2e14,SYS_OBJ_1764,28,False
0x800a2e30,SYS_OBJ_1780,28,False
0x800a2e4c,SYS_OBJ_179C,120,False
0x800a2ec4,SYS_OBJ_1814,8,False
0x800a2ecc,SYS_OBJ_181C,24,False
0x800a2ee4,SYS_OBJ_1834,224,False
0x800a2fc4,SYS_OBJ_1914,88,False
0x800a301c,SYS_OBJ_196C,64,False
0x800a305c,SYS_OBJ_19AC,368,False
0x800a31cc,SYS_OBJ_1B1C,40,False
0x800a31f4,SYS_OBJ_1B44,104,False
0x800a325c,SYS_OBJ_1BAC,60,False
0x800a3298,SYS_OBJ_1BE8,372,False
0x800a340c,SYS_OBJ_1D5C,36,False
0x800a3430,SYS_OBJ_1D80,96,False
0x800a3490,SYS_OBJ_1DE0,60,False
0x800a34cc,SYS_OBJ_1E1C,452,False
0x800a3690,SYS_OBJ_1FE0,32,False
0x800a36b0,SYS_OBJ_2000,20,False
0x800a36c4,SYS_OBJ_2014,8,False
0x800a36cc,SYS_OBJ_201C,64,False
0x800a370c,SYS_OBJ_205C,72,False
0x800a3754,SYS_OBJ_20A4,48,False
0x800a3784,SYS_OBJ_20D4,36,False
0x800a37a8,SYS_OBJ_20F8,76,False
0x800a37f4,SYS_OBJ_2144,256,False
0x800a38f4,SYS_OBJ_2244,148,False
0x800a39ac,SYS_OBJ_22FC,144,False
0x800a3a3c,SYS_OBJ_238C,28,False
0x800a3a58,SYS_OBJ_23A8,608,False
0x800a3cb8,SYS_OBJ_2608,264,False
0x800a3dc0,SYS_OBJ_2710,52,False
0x800a3df4,SYS_OBJ_2744,32,False
0x800a3e14,SYS_OBJ_2764,24,False
0x800a3e2c,SYS_OBJ_277C,124,False
0x800a3f20,SYS_OBJ_2870,16,False
0x800a3f30,SYS_OBJ_2880,52,False
0x800a3f64,SYS_OBJ_28B4,308,False
0x800a4098,SYS_OBJ_29E8,16,False
0x800a40a8,SYS_OBJ_29F8,152,False
0x800a4140,SYS_OBJ_2A90,8,False
0x800a4148,LoadImage2,124,False
0x800a41c4,SYS_OBJ_2B14,112,False
0x800a4234,StoreImage2,124,False
0x800a42b0,SYS_OBJ_2C00,112,False
0x800a4320,MoveImage2,132,False
0x800a43a4,SYS_OBJ_2CF4,168,False
0x800a444c,SYS_OBJ_2D9C,24,False
0x800a4464,DrawOTag2,144,False
0x800a44f4,SYS_OBJ_2E44,108,False
0x800a4560,_GPU_ResetCallback,40,False
0x800a4588,SYS_OBJ_2ED8,36,False
0x800a45b0,GPU_cw,12,False
0x800a45c0,BreakDraw,148,False
0x800a4654,IsIdleGPU,88,False
0x800a46ac,BREAK_OBJ_EC,8,False
0x800a46b4,ContinueDraw,200,False
0x800a477c,BREAK_OBJ_1BC,88,False
0x800a47e0,SetDefDrawEnv,120,False
0x800a4858,E03_OBJ_78,60,False
0x800a48a0,SetDefDispEnv,60,False
0x800a48e0,SetDrawMove,96,False
0x800a4948,InitGeom,128,False
0x800a49d0,SquareRoot12,140,False
0x800a4a70,SetLightMatrix,48,False
0x800a4aa0,SetColorMatrix,48,False
0x800a4ad0,SetBackColor,32,False
0x800a4af0,FUN_800a4af0,24,False
0x800a4b10,FUN_800a4b10,12,False
0x800a4b20,ratan2,180,False
0x800a4bd4,RATAN_OBJ_B4,20,False
0x800a4c5c,RATAN_OBJ_13C,20,False
0x800a4c70,RATAN_OBJ_150,36,False
0x800a4ca0,_patch_gte,172,False
0x800a4d7c,PATCHGTE_OBJ_DC,4,False
0x800a4d80,FUN_800a4d80,24,False
0x800a4da0,DecDCTReset,52,False
0x800a4dd4,DecDCTGetEnv,140,False
0x800a4e60,DecDCTPutEnv,152,False
0x800a4ef8,DecDCTin,48,False
0x800a4f28,LIBPRESS_OBJ_188,44,False
0x800a4f54,LIBPRESS_OBJ_1B4,32,False
0x800a4f74,DecDCTout,32,False
0x800a4f94,DecDCTinSync,44,False
0x800a4fc0,LIBPRESS_OBJ_220,16,False
0x800a4fd0,DecDCToutSync,56,False
0x800a5008,LIBPRESS_OBJ_268,16,False
0x800a5018,DecDCTinCallback,36,False
0x800a503c,DecDCToutCallback,36,False
0x800a5060,LIBPRESS_OBJ_2C0,212,False
0x800a5134,LIBPRESS_OBJ_394,12,False
0x800a5140,LIBPRESS_OBJ_3A0,16,False
0x800a5150,LIBPRESS_OBJ_3B0,144,False
0x800a51e0,LIBPRESS_OBJ_440,140,False
0x800a526c,LIBPRESS_OBJ_4CC,132,False
0x800a52f0,LIBPRESS_OBJ_550,16,False
0x800a5300,LIBPRESS_OBJ_560,132,False
0x800a5384,LIBPRESS_OBJ_5E4,16,False
0x800a5394,LIBPRESS_OBJ_5F4,24,False
0x800a53ac,LIBPRESS_OBJ_60C,124,False
0x800a5430,FUN_800a5430,12,False
0x800a5440,start,168,False
0x800a54e8,__main,112,False
0x800a5558,__do_global_dtors,104,False
0x800a55c0,InitHeap,12,False
0x800a55d0,__divdi3,152,False
0x800a5668,__udivmoddi4,96,False
0x800a56c8,_UDIVMOD_OBJ_60,272,False
0x800a5830,_UDIVMOD_OBJ_1C8,284,False
0x800a594c,_UDIVMOD_OBJ_2E4,208,False
0x800a5a1c,_UDIVMOD_OBJ_3B4,16,False
0x800a5a84,_UDIVMOD_OBJ_41C,96,False
0x800a5ae4,_UDIVMOD_OBJ_47C,20,False
0x800a5c4c,_UDIVMOD_OBJ_5E4,44,False
0x800a5c78,_SpuInit,232,False
0x800a5d60,SpuStart,112,False
0x800a5dd8,_spu_init,212,False
0x800a5eac,SPU_OBJ_D4,428,False
0x800a6058,SPU_OBJ_280,272,False
0x800a6168,SPU_OBJ_390,148,False
0x800a61fc,SPU_OBJ_424,28,False
0x800a6218,_spu_FiDMA,172,False
0x800a62c4,SPU_OBJ_4EC,16,False
0x800a62d4,_spu_Fr_,168,False
0x800a637c,_spu_t,488,False
0x800a6564,SPU_OBJ_78C,136,False
0x800a65ec,SPU_OBJ_814,16,False
0x800a65fc,_spu_Fw,112,False
0x800a666c,SPU_OBJ_894,20,False
0x800a6680,_spu_Fr,100,False
0x800a66e4,_spu_FsetRXX,60,False
0x800a6720,SPU_OBJ_948,8,False
0x800a6728,_spu_FsetRXXa,156,False
0x800a67c4,SPU_OBJ_9EC,8,False
0x800a67cc,_spu_FgetRXXa,52,False
0x800a6800,SPU_OBJ_A28,8,False
0x800a6808,_spu_FsetPCR,76,False
0x800a6854,SPU_OBJ_A7C,12,False
0x800a6860,SPU_OBJ_A88,40,False
0x800a6888,SPU_OBJ_AB0,40,False
0x800a68b0,_spu_Fw1ts,64,False
0x800a68f0,SPU_OBJ_B18,28,False
0x800a6918,FUN_800a6918,36,False
0x800a6948,SpuInit,32,False
0x800a6968,FUN_800a6968,116,False
0x800a69e8,SpuInitMalloc,76,False
0x800a6a34,S_M_INIT_OBJ_4C,8,False
0x800a6a48,SpuMalloc,84,False
0x800a6a9c,S_M_M_OBJ_54,216,False
0x800a6b74,S_M_M_OBJ_12C,380,False
0x800a6cf0,S_M_M_OBJ_2A8,28,False
0x800a6d18,_spu_gcSPU,84,False
0x800a6d6c,S_M_INT_OBJ_54,112,False
0x800a6ddc,S_M_INT_OBJ_C4,428,False
0x800a6f88,S_M_INT_OBJ_270,144,False
0x800a7018,SpuMallocWithStartAddr,100,False
0x800a707c,S_M_WSA_OBJ_64,220,False
0x800a7158,S_M_WSA_OBJ_140,168,False
0x800a7200,S_M_WSA_OBJ_1E8,296,False
0x800a7328,S_M_WSA_OBJ_310,4,False
0x800a732c,S_M_WSA_OBJ_314,48,False
0x800a735c,S_M_WSA_OBJ_344,72,False
0x800a73a4,S_M_WSA_OBJ_38C,8,False
0x800a73b8,SpuFree,100,False
0x800a741c,S_M_F_OBJ_64,24,False
0x800a7438,SpuSetReverb,176,False
0x800a74e8,S_SR_OBJ_B0,4,False
0x800a74ec,S_SR_OBJ_B4,24,False
0x800a7508,_SpuIsInAllocateArea,44,False
0x800a7534,S_M_UTIL_OBJ_2C,76,False
0x800a7580,S_M_UTIL_OBJ_78,8,False
0x800a7588,_SpuIsInAllocateArea_,56,False
0x800a75c0,S_M_UTIL_OBJ_B8,76,False
0x800a760c,S_M_UTIL_OBJ_104,8,False
0x800a7618,SpuSetReverbModeParam,344,False
0x800a7770,S_SRMP_OBJ_158,16,False
0x800a7780,S_SRMP_OBJ_168,436,False
0x800a7934,S_SRMP_OBJ_31C,228,False
0x800a7a18,S_SRMP_OBJ_400,36,False
0x800a7a3c,S_SRMP_OBJ_424,128,False
0x800a7abc,S_SRMP_OBJ_4A4,48,False
0x800a7af8,_spu_setReverbAttr,1232,False
0x800a7fc8,SpuReserveReverbWorkArea,60,False
0x800a8004,S_RRWA_OBJ_3C,16,False
0x800a8018,SpuSetReverbDepth,120,False
0x800a8098,FUN_800a8098,36,False
0x800a80c8,_SpuSetAnyVoice,304,False
0x800a81f8,S_SAV_OBJ_130,16,False
0x800a82c8,S_SAV_OBJ_200,20,False
0x800a836c,S_SAV_OBJ_2A4,8,False
0x800a8374,S_SAV_OBJ_2AC,8,False
0x800a837c,S_SAV_OBJ_2B4,8,False
0x800a8388,SpuClearReverbWorkArea,156,False
0x800a8424,S_CRWA_OBJ_9C,212,False
0x800a84f8,S_CRWA_OBJ_170,36,False
0x800a8528,WaitEvent,12,False
0x800a8538,SpuSetIRQ,244,False
0x800a862c,S_SI_OBJ_F4,16,False
0x800a8664,S_SI_OBJ_12C,16,False
0x800a8678,SpuSetIRQAddr,48,False
0x800a86a8,S_SIA_OBJ_30,16,False
0x800a86b8,SpuSetIRQCallback,60,False
0x800a86f8,FUN_800a86f8,36,False
0x800a8728,SpuSetKey,428,False
0x800a88d4,S_SK_OBJ_1AC,8,False
0x800a88dc,S_SK_OBJ_1B4,8,False
0x800a88e8,SpuRead,92,False
0x800a8948,FUN_800a8948,92,False
0x800a89a8,SpuSetTransferStartAddr,76,False
0x800a89f4,S_STSA_OBJ_4C,16,False
0x800a8a08,SpuSetTransferMode,28,False
0x800a8a24,S_STM_OBJ_1C,20,False
0x800a8a38,FUN_800a8a38,64,False
0x800a8a78,FUN_800a8a78,36,False
0x800a8aa8,SpuSetVoiceAttr,316,False
0x800a8be4,S_SVA_OBJ_13C,8,False
0x800a8bec,S_SVA_OBJ_144,8,False
0x800a8bf4,S_SVA_OBJ_14C,8,False
0x800a8bfc,S_SVA_OBJ_154,8,False
0x800a8c04,S_SVA_OBJ_15C,8,False
0x800a8c0c,S_SVA_OBJ_164,8,False
0x800a8c14,S_SVA_OBJ_16C,4,False
0x800a8c18,S_SVA_OBJ_170,48,False
0x800a8c48,S_SVA_OBJ_1A0,124,False
0x800a8cc4,S_SVA_OBJ_21C,8,False
0x800a8ccc,S_SVA_OBJ_224,8,False
0x800a8cd4,S_SVA_OBJ_22C,8,False
0x800a8cdc,S_SVA_OBJ_234,8,False
0x800a8ce4,S_SVA_OBJ_23C,8,False
0x800a8cec,S_SVA_OBJ_244,8,False
0x800a8cf4,S_SVA_OBJ_24C,4,False
0x800a8cf8,S_SVA_OBJ_250,48,False
0x800a8d28,S_SVA_OBJ_280,512,False
0x800a8f28,S_SVA_OBJ_480,320,False
0x800a9068,S_SVA_OBJ_5C0,56,False
0x800a90a8,_spu_note2pitch,200,False
0x800a9170,S_N2P_OBJ_C8,8,False
0x800a9178,_spu_pitch2note,136,False
0x800a9200,S_N2P_OBJ_158,104,False
0x800a9268,S_N2P_OBJ_1C0,64,False
0x800a92a8,SpuNSetVoiceAttr,300,False
0x800a93d4,SN_SVA_OBJ_12C,8,False
0x800a93dc,SN_SVA_OBJ_134,8,False
0x800a93e4,SN_SVA_OBJ_13C,8,False
0x800a93ec,SN_SVA_OBJ_144,8,False
0x800a93f4,SN_SVA_OBJ_14C,8,False
0x800a93fc,SN_SVA_OBJ_154,8,False
0x800a9404,SN_SVA_OBJ_15C,4,False
0x800a9408,SN_SVA_OBJ_160,48,False
0x800a9438,SN_SVA_OBJ_190,124,False
0x800a94b4,SN_SVA_OBJ_20C,8,False
0x800a94bc,SN_SVA_OBJ_214,8,False
0x800a94c4,SN_SVA_OBJ_21C,8,False
0x800a94cc,SN_SVA_OBJ_224,8,False
0x800a94d4,SN_SVA_OBJ_22C,8,False
0x800a94dc,SN_SVA_OBJ_234,8,False
0x800a94e4,SN_SVA_OBJ_23C,4,False
0x800a94e8,SN_SVA_OBJ_240,48,False
0x800a9518,SN_SVA_OBJ_270,512,False
0x800a9718,SN_SVA_OBJ_470,304,False
0x800a9848,SN_SVA_OBJ_5A0,48,False
0x800a9878,SpuSetCommonAttr,88,False
0x800a98d0,S_SCA_OBJ_58,8,False
0x800a98d8,S_SCA_OBJ_60,8,False
0x800a98e0,S_SCA_OBJ_68,8,False
0x800a98e8,S_SCA_OBJ_70,8,False
0x800a98f0,S_SCA_OBJ_78,8,False
0x800a98f8,S_SCA_OBJ_80,8,False
0x800a9900,S_SCA_OBJ_88,8,False
0x800a9908,S_SCA_OBJ_90,8,False
0x800a9910,S_SCA_OBJ_98,128,False
0x800a9990,S_SCA_OBJ_118,8,False
0x800a9998,S_SCA_OBJ_120,8,False
0x800a99a0,S_SCA_OBJ_128,8,False
0x800a99a8,S_SCA_OBJ_130,8,False
0x800a99b0,S_SCA_OBJ_138,8,False
0x800a99b8,S_SCA_OBJ_140,8,False
0x800a99c0,S_SCA_OBJ_148,8,False
0x800a99c8,S_SCA_OBJ_150,8,False
0x800a99d0,S_SCA_OBJ_158,284,False
0x800a9aec,S_SCA_OBJ_274,84,False
0x800a9b40,S_SCA_OBJ_2C8,84,False
0x800a9b94,S_SCA_OBJ_31C,84,False
0x800a9be8,S_SCA_OBJ_370,12,False
